userId,movieId
1,"['WALLÂ·E (2008)', '10 Things I Hate About You (1999)', '28 Days Later (2002)', 'Finding Nemo (2003)', '(500) Days of Summer (2009)']"
2,"['""Silence of the Lambs', 'Jurassic Park (1993)', 'Forrest Gump (1994)', '""Fugitive', 'Terminator 2: Judgment Day (1991)']"
3,"['""Shawshank Redemption', 'Pulp Fiction (1994)', '""Usual Suspects', '""Lord of the Rings: The Fellowship of the Ring', 'Star Wars: Episode IV - A New Hope (1977)']"
4,"['""Dark Knight', 'Chasing Amy (1997)', 'Freedom Writers (2007)', 'Antwone Fisher (2002)', 'Forrest Gump (1994)']"
5,"['Alien (1979)', 'Saving Private Ryan (1998)', '""Lord of the Rings: The Two Towers', '""Terminator', '""Lord of the Rings: The Return of the King']"
6,"['""Matrix', '""Crouching Tiger', 'Cast Away (2000)', 'Saving Private Ryan (1998)', '""Godfather']"
7,"['""Godfather: Part III', 'To Kill a Mockingbird (1962)', ""Schindler's List (1993)"", '""Full Monty', '""Mrs. Brown (a.k.a. Her Majesty']"
8,"['""Lord of the Rings: The Two Towers', 'Star Wars: Episode IV - A New Hope (1977)', '""Dark Knight', 'Terminator 2: Judgment Day (1991)', 'Star Wars: Episode V - The Empire Strikes Back (1980)']"
9,"['Pulp Fiction (1994)', '""Amelie (Fabuleux destin d\'AmÃ©lie Poulain', '""Shawshank Redemption', 'X-Men (2000)', '""Sixth Sense']"
10,"['Apollo 13 (1995)', '""Silence of the Lambs', 'True Lies (1994)', 'Dances with Wolves (1990)', 'Babe (1995)']"
11,"['Shrek (2001)', 'Shrek 2 (2004)', 'Star Wars: Episode IV - A New Hope (1977)', 'Patton (1970)', '""Incredibles']"
12,"['Dances with Wolves (1990)', ""Schindler's List (1993)"", '""Silence of the Lambs', '""Shawshank Redemption', 'Pulp Fiction (1994)']"
13,"['Jurassic Park (1993)', '""Fugitive', 'Forrest Gump (1994)', 'Ghost (1990)', '""Shawshank Redemption']"
14,"['""Matrix', '""Lord of the Rings: The Two Towers', '""Third Man', 'American Beauty (1999)', 'Apocalypse Now (1979)']"
15,"['Leaving Las Vegas (1995)', 'Willy Wonka & the Chocolate Factory (1971)', 'Twelve Monkeys (a.k.a. 12 Monkeys) (1995)', 'Dead Man Walking (1995)', 'Eraser (1996)']"
16,"['Mission: Impossible (1996)', 'Twister (1996)', 'Independence Day (a.k.a. ID4) (1996)', 'Rumble in the Bronx (Hont faan kui) (1995)', 'Die Hard: With a Vengeance (1995)']"
17,"['10 Things I Hate About You (1999)', 'Austin Powers: The Spy Who Shagged Me (1999)', 'Austin Powers: International Man of Mystery (1997)', '""Crouching Tiger', 'Butch Cassidy and the Sundance Kid (1969)']"
18,"['Madagascar: Escape 2 Africa (2008)', '10 Things I Hate About You (1999)', 'Muppet Treasure Island (1996)', 'Matilda (1996)', 'Peter Pan (1953)']"
19,"[""Harry Potter and the Sorcerer's Stone (a.k.a. Harry Potter and the Philosopher's Stone) (2001)"", 'Avatar (2009)', 'Iron Man (2008)', 'Harry Potter and the Chamber of Secrets (2002)', '""Dark Knight']"
20,"['""Shawshank Redemption', 'Braveheart (1995)', 'Inception (2010)', 'Interstellar (2014)', '""Dark Knight']"
21,"['Cool Hand Luke (1967)', 'Vertigo (1958)', 'Heathers (1989)', 'Fatal Attraction (1987)', 'Michael Clayton (2007)']"
22,"['Independence Day (a.k.a. ID4) (1996)', 'Men in Black (a.k.a. MIB) (1997)', 'Indiana Jones and the Temple of Doom (1984)', 'Kingpin (1996)', 'Payback (1999)']"
23,"['""Shawshank Redemption', 'E.T. the Extra-Terrestrial (1982)', 'Star Trek: First Contact (1996)', 'Willy Wonka & the Chocolate Factory (1971)', 'Saving Private Ryan (1998)']"
24,"['Star Wars: Episode IV - A New Hope (1977)', 'Desperado (1995)', 'Toy Story 2 (1999)', 'Clerks (1994)', 'Shakespeare in Love (1998)']"
25,"['Forrest Gump (1994)', 'American Pie (1999)', 'Apollo 13 (1995)', ""There's Something About Mary (1998)"", 'GoldenEye (1995)']"
26,"['Shrek (2001)', '""Pursuit of Happyness', '""King\'s Speech', '""Dark Knight', 'The Martian (2015)']"
27,"['""Matrix', '""Dark Knight', 'V for Vendetta (2006)', '""Silence of the Lambs', 'Up (2009)']"
28,"['Circle of Friends (1995)', 'Shine (1996)', '10 Things I Hate About You (1999)', 'What Women Want (2000)', 'Waiting for Guffman (1996)']"
29,"[""Schindler's List (1993)"", 'Bowfinger (1999)', '""Piano', 'Shakespeare in Love (1998)', 'Brazil (1985)']"
30,"['Forrest Gump (1994)', 'Dr. Strangelove or: How I Learned to Stop Worrying and Love the Bomb (1964)', '""Fugitive', 'Star Trek: Generations (1994)', 'Jurassic Park (1993)']"
31,"['""Matrix', '""Shawshank Redemption', 'Inception (2010)', 'Saving Private Ryan (1998)', 'Forrest Gump (1994)']"
32,"['Inception (2010)', '""Dark Knight', 'Saving Private Ryan (1998)', 'Interstellar (2014)', 'Up (2009)']"
33,"['Raiders of the Lost Ark (Indiana Jones and the Raiders of the Lost Ark) (1981)', 'Shrek (2001)', 'Ice Age (2002)', '""Princess Bride', 'Zombieland (2009)']"
34,"['Star Wars: Episode IV - A New Hope (1977)', ""Mary Shelley's Frankenstein (Frankenstein) (1994)"", '""Usual Suspects', 'Pulp Fiction (1994)', '""Piano']"
35,"['Seven (a.k.a. Se7en) (1995)', 'Kill Bill: Vol. 1 (2003)', 'Braveheart (1995)', 'Kill Bill: Vol. 2 (2004)', 'Lost in Translation (2003)']"
36,"['Donnie Darko (2001)', 'Inglourious Basterds (2009)', '""Wolf of Wall Street', 'Step Brothers (2008)', 'Toy Story (1995)']"
37,"['""Lord of the Rings: The Return of the King', '""Beautiful Mind', '""Lord of the Rings: The Fellowship of the Ring', 'Mean Girls (2004)', '""Lord of the Rings: The Two Towers']"
38,"['""Matrix', 'Raiders of the Lost Ark (Indiana Jones and the Raiders of the Lost Ark) (1981)', 'Good Will Hunting (1997)', '""Godfather', 'Dragonheart (1996)']"
39,"['Forrest Gump (1994)', '""Producers', 'Wag the Dog (1997)', '""Lord of the Rings: The Fellowship of the Ring', '""Lord of the Rings: The Two Towers']"
40,"['Forrest Gump (1994)', '50 First Dates (2004)', '""Dark Knight', 'Jack (1996)', '300 (2007)']"
41,"[""Mr. Holland's Opus (1995)"", 'Star Trek: First Contact (1996)', '""Rock', 'Casablanca (1942)', 'Scream (1996)']"
42,"['Escape from L.A. (1996)', 'Kung Fu Panda (2008)', 'American Beauty (1999)', 'Interstellar (2014)', 'Gone Girl (2014)']"
43,"['""Matrix', 'Deadpool (2016)', 'Iron Man (2008)', 'Raiders of the Lost Ark (Indiana Jones and the Raiders of the Lost Ark) (1981)', 'WALLÂ·E (2008)']"
44,"['""Shawshank Redemption', 'Forrest Gump (1994)', '""Dark Knight', '""Dark Knight Rises', 'Apollo 13 (1995)']"
45,"['""Doors', 'Near Dark (1987)', 'Withnail & I (1987)', 'Hedwig and the Angry Inch (2000)', '""Lost Boys']"
46,"['Fargo (1996)', 'Star Wars: Episode IV - A New Hope (1977)', ""Schindler's List (1993)"", 'Fight Club (1999)', 'American Beauty (1999)']"
47,"['Fargo (1996)', '""Big Sleep', 'Rear Window (1954)', 'Star Trek: First Contact (1996)', 'Monty Python and the Holy Grail (1975)']"
48,"['""Shawshank Redemption', '""Usual Suspects', '""Dark Knight', ""Schindler's List (1993)"", 'Pulp Fiction (1994)']"
49,"[""Mr. Holland's Opus (1995)"", 'Pulp Fiction (1994)', 'Twelve Monkeys (a.k.a. 12 Monkeys) (1995)', 'Tin Cup (1996)', 'Independence Day (a.k.a. ID4) (1996)']"
50,"['Braveheart (1995)', 'Aladdin (1992)', 'Seven (a.k.a. Se7en) (1995)', 'Beauty and the Beast (1991)', 'Star Trek: Generations (1994)']"
51,"['Inception (2010)', 'Django Unchained (2012)', 'Harry Potter and the Prisoner of Azkaban (2004)', '""Matrix', 'Inglourious Basterds (2009)']"
52,"['Fargo (1996)', 'Election (1999)', 'Being John Malkovich (1999)', 'Amadeus (1984)', '""Third Man']"
53,"['Toy Story (1995)', '""Wedding Singer', '""Big Lebowski', 'Starship Troopers (1997)', '""Usual Suspects']"
54,"['""Godfather', 'Ghostbusters (a.k.a. Ghost Busters) (1984)', 'American Beauty (1999)', 'Butch Cassidy and the Sundance Kid (1969)', 'Fargo (1996)']"
55,"['""Sixth Sense', ""Schindler's List (1993)"", 'Run Lola Run (Lola rennt) (1998)', '""Silence of the Lambs', 'Groundhog Day (1993)']"
56,"['101 Dalmatians (One Hundred and One Dalmatians) (1961)', 'Back to the Future (1985)', 'Eternal Sunshine of the Spotless Mind (2004)', 'Star Wars: Episode VI - Return of the Jedi (1983)', 'Twelve Monkeys (a.k.a. 12 Monkeys) (1995)']"
57,"['(500) Days of Summer (2009)', 'Mad Max: Fury Road (2015)', '10 Things I Hate About You (1999)', 'WALLÂ·E (2008)', 'Moulin Rouge (2001)']"
58,"['""Matrix', 'Back to the Future (1985)', 'Raiders of the Lost Ark (Indiana Jones and the Raiders of the Lost Ark) (1981)', 'Star Wars: Episode VI - Return of the Jedi (1983)', 'Star Wars: Episode IV - A New Hope (1977)']"
59,"['Ace Ventura: Pet Detective (1994)', 'What Lies Beneath (2000)', 'Willy Wonka & the Chocolate Factory (1971)', '""Cell', ""Charlie's Angels (2000)""]"
60,"['Braveheart (1995)', 'True Lies (1994)', 'Toy Story (1995)', '""Fugitive', 'Dances with Wolves (1990)']"
61,"['Batman (1989)', 'Pulp Fiction (1994)', 'Apollo 13 (1995)', 'Stargate (1994)', 'Die Hard: With a Vengeance (1995)']"
62,"['This Is Spinal Tap (1984)', '""English Patient', 'Amistad (1997)', 'Romancing the Stone (1984)', '""Cable Guy']"
63,"['""First Wives Club', 'Wag the Dog (1997)', '8 Mile (2002)', 'Butch Cassidy and the Sundance Kid (1969)', '""Philadelphia Story']"
64,"['WALLÂ·E (2008)', '""Avengers', 'Harry Potter and the Order of the Phoenix (2007)', 'Harry Potter and the Half-Blood Prince (2009)', 'Avatar (2009)']"
65,"['Pulp Fiction (1994)', 'Toy Story (1995)', 'Fantasia (1940)', 'Raiders of the Lost Ark (Indiana Jones and the Raiders of the Lost Ark) (1981)', 'Back to the Future (1985)']"
66,"['Harry Potter and the Prisoner of Azkaban (2004)', 'Bossa Nova (2000)', ""One Flew Over the Cuckoo's Nest (1975)"", 'Harry Potter and the Half-Blood Prince (2009)', 'WALLÂ·E (2008)']"
67,"['Aladdin (1992)', 'Ace Ventura: Pet Detective (1994)', 'Twelve Monkeys (a.k.a. 12 Monkeys) (1995)', 'Casablanca (1942)', 'Mission: Impossible (1996)']"
68,"['Amadeus (1984)', 'Hedwig and the Angry Inch (2000)', 'All About My Mother (Todo sobre mi madre) (1999)', 'Fried Green Tomatoes (1991)', 'My Life in Pink (Ma vie en rose) (1997)']"
69,"['Austin Powers: The Spy Who Shagged Me (1999)', 'Lost in Translation (2003)', 'Twelve Monkeys (a.k.a. 12 Monkeys) (1995)', 'Clerks (1994)', 'Shrek (2001)']"
70,"['Braveheart (1995)', 'Pulp Fiction (1994)', '""Lion King', '""Fugitive', 'Terminator 2: Judgment Day (1991)']"
71,"['""Godfather', ""One Flew Over the Cuckoo's Nest (1975)"", 'Goodfellas (1990)', 'L.A. Confidential (1997)', 'Blade Runner (1982)']"
72,"['Twister (1996)', 'Tea with Mussolini (1999)', 'Grumpier Old Men (1995)', 'Broken Arrow (1996)', 'Heavy Metal (1981)']"
73,"['Dead Man Walking (1995)', 'Leaving Las Vegas (1995)', 'Raiders of the Lost Ark (Indiana Jones and the Raiders of the Lost Ark) (1981)', '""Postman', 'Fargo (1996)']"
74,"['Forrest Gump (1994)', ""Schindler's List (1993)"", 'Nell (1994)', 'Braveheart (1995)', '""Fugitive']"
75,"['Apollo 13 (1995)', 'Braveheart (1995)', '""Silence of the Lambs', 'Forrest Gump (1994)', '""Shawshank Redemption']"
76,"['Almost Famous (2000)', '""Thomas Crown Affair', '""Princess Bride', 'Michael Clayton (2007)', 'Sixteen Candles (1984)']"
77,"['Forrest Gump (1994)', 'Risky Business (1983)', '""Gods Must Be Crazy', 'Dancer in the Dark (2000)', '""Shawshank Redemption']"
78,"['American History X (1998)', 'My Neighbor Totoro (Tonari no Totoro) (1988)', 'Spirited Away (Sen to Chihiro no kamikakushi) (2001)', '""King\'s Speech', '""Truman Show']"
79,"['Pulp Fiction (1994)', '""Lord of the Rings: The Fellowship of the Ring', '""Lord of the Rings: The Return of the King', '""Dark Knight Rises', '""Dark Knight']"
80,"['Star Wars: Episode V - The Empire Strikes Back (1980)', 'Jaws (1975)', 'Saving Private Ryan (1998)', 'Run Lola Run (Lola rennt) (1998)', 'Pulp Fiction (1994)']"
81,"['Star Wars: Episode VI - Return of the Jedi (1983)', 'Caddyshack (1980)', '""Lord of the Rings: The Return of the King', '""Lord of the Rings: The Fellowship of the Ring', '""Lord of the Rings: The Two Towers']"
82,"['Fargo (1996)', 'Sleepy Hollow (1999)', '""Lord of the Rings: The Two Towers', 'Harry Potter and the Half-Blood Prince (2009)', 'Dead Man Walking (1995)']"
83,"['Contact (1997)', 'Twelve Monkeys (a.k.a. 12 Monkeys) (1995)', 'X-Men (2000)', 'Batman Forever (1995)', 'Casino (1995)']"
84,"['Harry Potter and the Chamber of Secrets (2002)', 'Harry Potter and the Order of the Phoenix (2007)', 'Eternal Sunshine of the Spotless Mind (2004)', 'Juno (2007)', 'Inception (2010)']"
85,"['""Amelie (Fabuleux destin d\'AmÃ©lie Poulain', 'Forrest Gump (1994)', 'Star Wars: Episode IV - A New Hope (1977)', 'Requiem for a Dream (2000)', 'Star Wars: Episode VI - Return of the Jedi (1983)']"
86,"['Man on the Moon (1999)', 'Boiler Room (2000)', 'Kingpin (1996)', 'Austin Powers: The Spy Who Shagged Me (1999)', '""Me']"
87,"['""Matrix', 'Pulp Fiction (1994)', 'American Beauty (1999)', '101 Dalmatians (One Hundred and One Dalmatians) (1961)', '""Godfather']"
88,"['Fight Club (1999)', '""Monsters', '""Matrix', 'Men in Black (a.k.a. MIB) (1997)', 'Back to the Future (1985)']"
89,"['""Shawshank Redemption', 'Pulp Fiction (1994)', '""Silence of the Lambs', 'Braveheart (1995)', 'Good Will Hunting (1997)']"
90,"['""Lion King', '""Fugitive', 'Aladdin (1992)', 'Braveheart (1995)', '""Silence of the Lambs']"
91,"['""Pan\'s Labyrinth (Laberinto del fauno', 'Harry Potter and the Chamber of Secrets (2002)', 'Harry Potter and the Order of the Phoenix (2007)', '""Producers', 'Avatar (2009)']"
92,"['""Clockwork Orange', 'Saving Private Ryan (1998)', 'Star Wars: Episode IV - A New Hope (1977)', '""Usual Suspects', 'American Beauty (1999)']"
93,"['Fight Club (1999)', 'Up (2009)', '""Matrix', 'Intouchables (2011)', 'Despicable Me (2010)']"
94,"['Independence Day (a.k.a. ID4) (1996)', 'Star Trek: First Contact (1996)', 'Toy Story (1995)', 'Star Wars: Episode IV - A New Hope (1977)', 'Anne Frank Remembered (1995)']"
95,"['Forrest Gump (1994)', '""Lion King', 'True Lies (1994)', 'Waterworld (1995)', '""Santa Clause']"
96,"['WALLÂ·E (2008)', 'Up (2009)', '""Sixth Sense', 'How to Train Your Dragon (2010)', 'Fight Club (1999)']"
97,"['""Shawshank Redemption', 'Forrest Gump (1994)', '""Lion King', 'Braveheart (1995)', '""Fugitive']"
98,"['Pulp Fiction (1994)', 'Die Hard: With a Vengeance (1995)', 'Seven (a.k.a. Se7en) (1995)', 'Apollo 13 (1995)', 'Ace Ventura: Pet Detective (1994)']"
99,"['Aliens (1986)', 'Pirates of the Caribbean: The Curse of the Black Pearl (2003)', '""I', 'Meet the Parents (2000)', '""Fifth Element']"
100,"['""Shawshank Redemption', '""Matrix', 'Shutter Island (2010)', 'Inception (2010)', 'Django Unchained (2012)']"
101,"['Forrest Gump (1994)', '""Shawshank Redemption', 'Aladdin (1992)', 'Titanic (1997)', 'Shrek (2001)']"
102,"['Happy Gilmore (1996)', ""One Flew Over the Cuckoo's Nest (1975)"", 'Little Miss Sunshine (2006)', 'Kingpin (1996)', 'Toy Story (1995)']"
103,"['""Crouching Tiger', 'Circle of Friends (1995)', '""20', 'Drunken Master (Jui kuen) (1978)', '""Philadelphia Story']"
104,"['""Specialist', 'Snatch (2000)', '""Boondock Saints', 'Layer Cake (2004)', '""Departed']"
105,"['Star Trek: First Contact (1996)', 'Independence Day (a.k.a. ID4) (1996)', 'Eraser (1996)', 'Dragonheart (1996)', 'Willy Wonka & the Chocolate Factory (1971)']"
106,"[""There's Something About Mary (1998)"", 'Forgetting Sarah Marshall (2008)', 'Pineapple Express (2008)', 'Men in Black (a.k.a. MIB) (1997)', 'Easy A (2010)']"
107,"['American Beauty (1999)', 'Aladdin (1992)', '""Big Lebowski', 'X2: X-Men United (2003)', '""Beautiful Mind']"
108,"['""Shawshank Redemption', 'Fargo (1996)', 'Star Wars: Episode IV - A New Hope (1977)', 'North by Northwest (1959)', 'Rear Window (1954)']"
109,"['Inception (2010)', 'Mulholland Drive (2001)', '""Godfather: Part II', 'Finding Nemo (2003)', '""Matrix']"
110,"['""Fugitive', '""Godfather', '""Shawshank Redemption', '""Usual Suspects', 'True Lies (1994)']"
111,"['Mystery Science Theater 3000: The Movie (1996)', 'Willy Wonka & the Chocolate Factory (1971)', '""Fugitive', 'James and the Giant Peach (1996)', '""Rock']"
112,"['Life Is Beautiful (La Vita Ã¨ bella) (1997)', 'Minority Report (2002)', '""Shawshank Redemption', 'Vertigo (1958)', 'Finding Nemo (2003)']"
113,"['Braveheart (1995)', 'Clear and Present Danger (1994)', 'Dances with Wolves (1990)', 'Interview with the Vampire: The Vampire Chronicles (1994)', 'Crimson Tide (1995)']"
114,"['Saving Private Ryan (1998)', 'Forrest Gump (1994)', 'Terminator 2: Judgment Day (1991)', 'Pirates of the Caribbean: The Curse of the Black Pearl (2003)', 'Titanic (1997)']"
115,"['Toy Story (1995)', 'Fight Club (1999)', '""Shawshank Redemption', '""Lord of the Rings: The Return of the King', 'Inception (2010)']"
116,"['Inception (2010)', 'Interstellar (2014)', '""Shawshank Redemption', 'Warrior (2011)', '""Dark Knight']"
117,"['""Dark Knight', 'WALLÂ·E (2008)', '""Incredibles', ""Pirates of the Caribbean: Dead Man's Chest (2006)"", 'Shutter Island (2010)']"
118,"['""Shawshank Redemption', 'Memento (2000)', '""Prestige', 'Inception (2010)', 'Alien (1979)']"
119,"['Speed (1994)', 'Terminator 2: Judgment Day (1991)', 'Jurassic Park (1993)', '""Birdcage', 'Independence Day (a.k.a. ID4) (1996)']"
120,"['LÃ©on: The Professional (a.k.a. The Professional) (LÃ©on) (1994)', 'Back to the Future (1985)', '""Shawshank Redemption', '""Silence of the Lambs', '""Matrix Revolutions']"
121,"['""Godfather', 'City of God (Cidade de Deus) (2002)', 'Shrek (2001)', 'Star Wars: Episode VI - Return of the Jedi (1983)', '""Silence of the Lambs']"
122,"['Aladdin (1992)', ""Schindler's List (1993)"", '""Boot', 'Life Is Beautiful (La Vita Ã¨ bella) (1997)', '""English Patient']"
123,"['Braveheart (1995)', 'Speed (1994)', 'Forrest Gump (1994)', ""Schindler's List (1993)"", '""Godfather: Part II']"
124,"['Raiders of the Lost Ark (Indiana Jones and the Raiders of the Lost Ark) (1981)', '""Lord of the Rings: The Fellowship of the Ring', 'Indiana Jones and the Last Crusade (1989)', 'Terminator 2: Judgment Day (1991)', 'Die Hard (1988)']"
125,"['""Rock', '""Time to Kill', 'Dead Man Walking (1995)', 'Independence Day (a.k.a. ID4) (1996)', 'Eraser (1996)']"
126,"['""Godfather', 'Star Wars: Episode VI - Return of the Jedi (1983)', 'Seven Samurai (Shichinin no samurai) (1954)', 'Saving Private Ryan (1998)', '""Godfather: Part II']"
127,"['Star Wars: Episode VI - Return of the Jedi (1983)', '""Godfather', 'Forrest Gump (1994)', 'Star Wars: Episode IV - A New Hope (1977)', 'Star Wars: Episode V - The Empire Strikes Back (1980)']"
128,"['""Shawshank Redemption', 'Forrest Gump (1994)', 'Saving Private Ryan (1998)', 'Apollo 13 (1995)', 'Toy Story (1995)']"
129,"['Almost Famous (2000)', 'About a Boy (2002)', 'I.Q. (1994)', 'Clueless (1995)', 'Harry Potter and the Half-Blood Prince (2009)']"
130,"['""Dark Knight', 'American Beauty (1999)', '""Matrix', ""One Flew Over the Cuckoo's Nest (1975)"", 'Up (2009)']"
131,"['Star Trek: First Contact (1996)', 'Sabrina (1995)', 'Toy Story (1995)', 'Independence Day (a.k.a. ID4) (1996)', 'Executive Decision (1996)']"
132,"['""Rock', '101 Dalmatians (1996)', '""Hunchback of Notre Dame', 'Independence Day (a.k.a. ID4) (1996)', 'Father of the Bride Part II (1995)']"
133,"['American Beauty (1999)', 'Arsenic and Old Lace (1944)', 'Being John Malkovich (1999)', 'Dr. Strangelove or: How I Learned to Stop Worrying and Love the Bomb (1964)', 'L.A. Confidential (1997)']"
134,"['Shrek (2001)', 'Forrest Gump (1994)', '""Lord of the Rings: The Two Towers', 'American Beauty (1999)', 'Apollo 13 (1995)']"
135,"['Paperman (2012)', 'Mad Max: Fury Road (2015)', 'Inception (2010)', 'Inside Out (2015)', 'Guardians of the Galaxy (2014)']"
136,"['Forrest Gump (1994)', 'Die Hard (1988)', 'Spirited Away (Sen to Chihiro no kamikakushi) (2001)', 'Fargo (1996)', '""Matrix']"
137,"['Willy Wonka & the Chocolate Factory (1971)', '10 Things I Hate About You (1999)', 'Children of the Corn IV: The Gathering (1996)', '""Long Kiss Goodnight', 'Moll Flanders (1996)']"
138,"['""Shawshank Redemption', '""Silence of the Lambs', 'Forrest Gump (1994)', 'Inglourious Basterds (2009)', 'Casino (1995)']"
139,"['Who Framed Roger Rabbit? (1988)', 'American Beauty (1999)', '""Bug\'s Life', 'Fight Club (1999)', 'Being John Malkovich (1999)']"
140,"['Madagascar: Escape 2 Africa (2008)', '""Amelie (Fabuleux destin d\'AmÃ©lie Poulain', 'Monty Python and the Holy Grail (1975)', 'Spirited Away (Sen to Chihiro no kamikakushi) (2001)', 'Sherlock Holmes (2009)']"
141,"['M*A*S*H (a.k.a. MASH) (1970)', 'Michael Clayton (2007)', '""Maltese Falcon', 'Children of the Corn IV: The Gathering (1996)', '""Long Kiss Goodnight']"
142,"['""Matrix', 'Star Wars: Episode IV - A New Hope (1977)', 'American History X (1998)', 'Fight Club (1999)', '""Godfather']"
143,"['""Prestige', 'Memento (2000)', '""Dark Knight', 'Pulp Fiction (1994)', ""Schindler's List (1993)""]"
144,"['""Godfather', '""Dark Knight', '""Godfather: Part II', '""Shawshank Redemption', '""Usual Suspects']"
145,"['""Dark Knight', '""Lord of the Rings: The Return of the King', '""Lord of the Rings: The Fellowship of the Ring', '""Lord of the Rings: The Two Towers', 'Back to the Future (1985)']"
146,"['Sense and Sensibility (1995)', '""Shawshank Redemption', 'Forrest Gump (1994)', 'Pulp Fiction (1994)', 'Toy Story (1995)']"
147,"['Groundhog Day (1993)', 'Four Weddings and a Funeral (1994)', 'Fargo (1996)', 'Love Actually (2003)', 'Monty Python and the Holy Grail (1975)']"
148,"['""Matrix', '""Clockwork Orange', '2001: A Space Odyssey (1968)', '""Godfather: Part II', 'Star Wars: Episode IV - A New Hope (1977)']"
149,"['""Shawshank Redemption', '""Silence of the Lambs', 'Braveheart (1995)', '""Usual Suspects', '""Fugitive']"
150,"['""Shawshank Redemption', '""Silence of the Lambs', 'Forrest Gump (1994)', 'Fight Club (1999)', 'Pulp Fiction (1994)']"
151,"['Gladiator (2000)', 'Terminator 2: Judgment Day (1991)', '""Lion King', 'Jurassic Park (1993)', '""Fugitive']"
152,"['Die Hard: With a Vengeance (1995)', 'Toy Story (1995)', 'True Lies (1994)', 'Star Trek: First Contact (1996)', 'Apollo 13 (1995)']"
153,"['Twister (1996)', 'Broken Arrow (1996)', ""Mr. Holland's Opus (1995)"", 'Grumpier Old Men (1995)', 'Twelve Monkeys (a.k.a. 12 Monkeys) (1995)']"
154,"['""Shawshank Redemption', '""Matrix', '""Silence of the Lambs', 'Fargo (1996)', 'American Beauty (1999)']"
155,"['""Matrix', 'Blade Runner (1982)', 'Star Wars: Episode VI - Return of the Jedi (1983)', 'Die Hard: With a Vengeance (1995)', 'North by Northwest (1959)']"
156,"['""Lord of the Rings: The Return of the King', 'Saving Private Ryan (1998)', 'The Imitation Game (2014)', 'V for Vendetta (2006)', 'Sherlock Holmes: A Game of Shadows (2011)']"
157,"['""Shawshank Redemption', '""Usual Suspects', 'Kill Bill: Vol. 2 (2004)', 'American Beauty (1999)', '""Dark Knight']"
158,"['""Shawshank Redemption', 'Beauty and the Beast (1991)', 'Aladdin (1992)', '""Producers', '""Lion King']"
159,"['Raiders of the Lost Ark (Indiana Jones and the Raiders of the Lost Ark) (1981)', '""Silence of the Lambs', 'Seven (a.k.a. Se7en) (1995)', 'Gladiator (2000)', 'Almost Famous (2000)']"
160,"['""Shawshank Redemption', 'Catch Me If You Can (2002)', 'Avatar (2009)', 'Tank Girl (1995)', '10 Things I Hate About You (1999)']"
161,"['American Beauty (1999)', 'Rushmore (1998)', 'Fight Club (1999)', 'Back to the Future (1985)', ""Schindler's List (1993)""]"
162,"['""Matrix', 'Alien (1979)', '""Godfather', '""Amelie (Fabuleux destin d\'AmÃ©lie Poulain', '""Dark Knight']"
163,"['Fargo (1996)', 'Star Wars: Episode IV - A New Hope (1977)', 'Bonnie and Clyde (1967)', 'Star Wars: Episode V - The Empire Strikes Back (1980)', 'Raiders of the Lost Ark (Indiana Jones and the Raiders of the Lost Ark) (1981)']"
164,"[""One Flew Over the Cuckoo's Nest (1975)"", 'Shrek (2001)', 'Eternal Sunshine of the Spotless Mind (2004)', '""Godfather', 'Blade Runner (1982)']"
165,"['Memento (2000)', 'LÃ©on: The Professional (a.k.a. The Professional) (LÃ©on) (1994)', 'Star Wars: Episode IV - A New Hope (1977)', 'Fight Club (1999)', '""Silence of the Lambs']"
166,"['M*A*S*H (a.k.a. MASH) (1970)', 'This Is Spinal Tap (1984)', 'Dragonheart (1996)', 'Romancing the Stone (1984)', '""Cable Guy']"
167,"['""Dark Knight', '""Matrix', '""Godfather', 'Back to the Future (1985)', 'Full Metal Jacket (1987)']"
168,"['Braveheart (1995)', 'Apollo 13 (1995)', '""Shawshank Redemption', '""Silence of the Lambs', 'Jurassic Park (1993)']"
169,"['""Usual Suspects', '""Godfather', '""Jungle Book', 'Bossa Nova (2000)', ""One Flew Over the Cuckoo's Nest (1975)""]"
170,"['Blade Runner (1982)', 'Full Metal Jacket (1987)', '""Matrix', 'Requiem for a Dream (2000)', 'Dr. Strangelove or: How I Learned to Stop Worrying and Love the Bomb (1964)']"
171,"['X-Men (2000)', 'Shrek (2001)', 'Speed (1994)', 'Men in Black (a.k.a. MIB) (1997)', 'Forrest Gump (1994)']"
172,"['""Matrix', 'Pulp Fiction (1994)', '""Dark Knight', '""Godfather', 'Forrest Gump (1994)']"
173,"['""Matrix', 'Raiders of the Lost Ark (Indiana Jones and the Raiders of the Lost Ark) (1981)', 'Die Hard (1988)', 'Indiana Jones and the Last Crusade (1989)', 'Star Wars: Episode VI - Return of the Jedi (1983)']"
174,"['Finding Nemo (2003)', 'Shrek (2001)', ""One Flew Over the Cuckoo's Nest (1975)"", 'Pirates of the Caribbean: The Curse of the Black Pearl (2003)', '""Crouching Tiger']"
175,"['""Usual Suspects', '""Silence of the Lambs', 'Star Wars: Episode V - The Empire Strikes Back (1980)', 'Psycho (1960)', 'Star Wars: Episode IV - A New Hope (1977)']"
176,"['2001: A Space Odyssey (1968)', '""Clockwork Orange', 'Spirited Away (Sen to Chihiro no kamikakushi) (2001)', ""One Flew Over the Cuckoo's Nest (1975)"", 'Star Wars: Episode IV - A New Hope (1977)']"
177,"['""Cry', 'Children of the Corn IV: The Gathering (1996)', '""Long Kiss Goodnight', 'Moll Flanders (1996)', 'That Thing You Do! (1996)']"
178,"['Chicken Run (2000)', 'Harry Potter and the Prisoner of Azkaban (2004)', 'Finding Nemo (2003)', 'Harry Potter and the Chamber of Secrets (2002)', 'Spider-Man (2002)']"
179,"['Star Wars: Episode VI - Return of the Jedi (1983)', '""Matrix', 'Requiem for a Dream (2000)', 'Saving Private Ryan (1998)', 'Snatch (2000)']"
180,"['Forrest Gump (1994)', ""Schindler's List (1993)"", '""Silence of the Lambs', '""Amelie (Fabuleux destin d\'AmÃ©lie Poulain', 'Emma (1996)']"
181,"['Almost Famous (2000)', 'Gladiator (2000)', 'Twelve Monkeys (a.k.a. 12 Monkeys) (1995)', 'Clerks (1994)', '""Matrix']"
182,"['Troll 2 (1990)', 'The Lair of the White Worm (1988)', 'Hangar 18 (1980)', 'Saturn 3 (1980)', 'Galaxy of Terror (Quest) (1981)']"
183,"['Forrest Gump (1994)', ""One Flew Over the Cuckoo's Nest (1975)"", ""Schindler's List (1993)"", 'Pulp Fiction (1994)', '""Amelie (Fabuleux destin d\'AmÃ©lie Poulain']"
184,"['Shrek (2001)', '""Sixth Sense', 'Fight Club (1999)', 'Forrest Gump (1994)', '""Matrix']"
185,"['Forrest Gump (1994)', '""Silence of the Lambs', '""Fugitive', 'Pretty Woman (1990)', 'Die Hard: With a Vengeance (1995)']"
186,"['Inception (2010)', '""Shawshank Redemption', '""Dark Knight', 'Harry Potter and the Order of the Phoenix (2007)', 'Harry Potter and the Chamber of Secrets (2002)']"
187,"['Bossa Nova (2000)', ""One Flew Over the Cuckoo's Nest (1975)"", 'Rear Window (1954)', '""Godfather', '""Saint']"
188,"['""Matrix', '""Usual Suspects', '""Shawshank Redemption', '""Silence of the Lambs', 'Pulp Fiction (1994)']"
189,"['Speed (1994)', 'Mission: Impossible (1996)', 'Pulp Fiction (1994)', 'Die Hard: With a Vengeance (1995)', 'GoldenEye (1995)']"
190,"[""Mr. Holland's Opus (1995)"", 'Independence Day (a.k.a. ID4) (1996)', 'Heat (1995)', 'Leaving Las Vegas (1995)', 'Casino (1995)']"
191,"['""Lion King', 'Memento (2000)', '""Incredibles', '""Godfather', 'Shrek (2001)']"
192,"['Die Hard (1988)', 'Rear Window (1954)', 'Reservoir Dogs (1992)', 'Memento (2000)', 'Full Metal Jacket (1987)']"
193,"['Braveheart (1995)', 'Seven (a.k.a. Se7en) (1995)', 'Die Hard: With a Vengeance (1995)', 'True Lies (1994)', 'Crimson Tide (1995)']"
194,"['Forrest Gump (1994)', '""Shawshank Redemption', 'Kill Bill: Vol. 1 (2003)', 'Eternal Sunshine of the Spotless Mind (2004)', 'LÃ©on: The Professional (a.k.a. The Professional) (LÃ©on) (1994)']"
195,"['Toy Story (1995)', 'Eraser (1996)', '""Rock', 'Dragonheart (1996)', 'Twister (1996)']"
196,"['Forrest Gump (1994)', '""Shawshank Redemption', 'Terminator 2: Judgment Day (1991)', 'Clear and Present Danger (1994)', 'Crimson Tide (1995)']"
197,"['Clear and Present Danger (1994)', 'Die Hard: With a Vengeance (1995)', 'GoldenEye (1995)', 'Pretty Woman (1990)', '""Silence of the Lambs']"
198,"['101 Dalmatians (1996)', '101 Dalmatians (One Hundred and One Dalmatians) (1961)', 'Muppet Treasure Island (1996)', 'Matilda (1996)', 'Bossa Nova (2000)']"
199,"['Up (2009)', 'Big Hero 6 (2014)', 'Deadpool (2016)', 'How to Train Your Dragon (2010)', 'Inception (2010)']"
200,"['""Boot', 'Life Is Beautiful (La Vita Ã¨ bella) (1997)', '""English Patient', ""Schindler's List (1993)"", '""Postman']"
201,"['""Shawshank Redemption', 'Inception (2010)', 'Donnie Darko (2001)', '""Dark Knight', '""Lion King']"
202,"['Eternal Sunshine of the Spotless Mind (2004)', 'Inception (2010)', 'Little Miss Sunshine (2006)', 'Harry Potter and the Chamber of Secrets (2002)', 'Finding Nemo (2003)']"
203,"['Forrest Gump (1994)', 'Silver Linings Playbook (2012)', '""King\'s Speech', 'Tangled (2010)', '""Help']"
204,"['Forrest Gump (1994)', 'Star Wars: Episode V - The Empire Strikes Back (1980)', 'Dances with Wolves (1990)', 'Back to the Future (1985)', '""Princess Bride']"
205,"['""Silence of the Lambs', '""Shawshank Redemption', 'Eternal Sunshine of the Spotless Mind (2004)', 'Fargo (1996)', 'Beetlejuice (1988)']"
206,"['Terminator 2: Judgment Day (1991)', 'Gladiator (2000)', 'Forrest Gump (1994)', 'Raiders of the Lost Ark (Indiana Jones and the Raiders of the Lost Ark) (1981)', 'Aliens (1986)']"
207,"['""Silence of the Lambs', 'Pulp Fiction (1994)', 'Seven (a.k.a. Se7en) (1995)', '""Matrix', '""Lion King']"
208,"['Pulp Fiction (1994)', '""Shawshank Redemption', 'American Beauty (1999)', 'Amadeus (1984)', '""Truman Show']"
209,"['Toy Story (1995)', '""Lion King', 'Interview with the Vampire: The Vampire Chronicles (1994)', '""Fugitive', 'Outbreak (1995)']"
210,"['""Silence of the Lambs', 'Apollo 13 (1995)', 'Forrest Gump (1994)', 'Dances with Wolves (1990)', 'Seven (a.k.a. Se7en) (1995)']"
211,"['""Silence of the Lambs', 'Dances with Wolves (1990)', 'Taxi Driver (1976)', 'Toy Story (1995)', 'Aladdin (1992)']"
212,"['""Good', 'Butch Cassidy and the Sundance Kid (1969)', 'Near Dark (1987)', 'Withnail & I (1987)', 'Hedwig and the Angry Inch (2000)']"
213,"['Aladdin (1992)', 'Clueless (1995)', 'Beauty and the Beast (1991)', 'Pulp Fiction (1994)', '""Mummy']"
214,"['Blade Runner (1982)', '""Silence of the Lambs', 'L.A. Confidential (1997)', 'Forrest Gump (1994)', 'Seven (a.k.a. Se7en) (1995)']"
215,"['""Dark Knight', 'Waterworld (1995)', 'Braveheart (1995)', '""Departed', 'Kill Bill: Vol. 1 (2003)']"
216,"['The Imitation Game (2014)', 'Star Wars: Episode IV - A New Hope (1977)', 'WALLÂ·E (2008)', '10 Things I Hate About You (1999)', '""Lord of the Rings: The Return of the King']"
217,"['Avatar (2009)', '""Shawshank Redemption', 'WALLÂ·E (2008)', 'Deadpool (2016)', 'Up (2009)']"
218,"['Jurassic Park (1993)', 'Lawrence of Arabia (1962)', 'Donnie Darko (2001)', '""Silence of the Lambs', 'E.T. the Extra-Terrestrial (1982)']"
219,"['""Thing', 'Life Is Beautiful (La Vita Ã¨ bella) (1997)', 'Piranha (1978)', 'Troll 2 (1990)', 'The Lair of the White Worm (1988)']"
220,"['My Neighbor Totoro (Tonari no Totoro) (1988)', '""Amelie (Fabuleux destin d\'AmÃ©lie Poulain', 'Monty Python and the Holy Grail (1975)', 'Spirited Away (Sen to Chihiro no kamikakushi) (2001)', 'Michael Clayton (2007)']"
221,"['Harry Potter and the Half-Blood Prince (2009)', '""Notebook', '10 Things I Hate About You (1999)', '""Dark Knight', 'Harry Potter and the Deathly Hallows: Part 1 (2010)']"
222,"[""Mr. Holland's Opus (1995)"", 'That Thing You Do! (1996)', 'Dances with Wolves (1990)', '""Net', 'Little Women (1994)']"
223,"['""Usual Suspects', '""Godfather: Part III', '""Godfather', 'Back to the Future (1985)', '""Producers']"
224,"['Spider-Man 2 (2004)', '""Incredibles', 'Spider-Man (2002)', 'Fargo (1996)', '""Dark Knight']"
225,"['""Shawshank Redemption', 'Braveheart (1995)', 'Dances with Wolves (1990)', 'Forrest Gump (1994)', 'Apollo 13 (1995)']"
226,"[""Schindler's List (1993)"", '""English Patient', 'Saving Private Ryan (1998)', 'Dr. Strangelove or: How I Learned to Stop Worrying and Love the Bomb (1964)', 'Manhattan (1979)']"
227,"['Gladiator (2000)', 'Star Wars: Episode VI - Return of the Jedi (1983)', 'Men in Black (a.k.a. MIB) (1997)', 'James and the Giant Peach (1996)', 'Star Trek: First Contact (1996)']"
228,"['Forrest Gump (1994)', '""Silence of the Lambs', '""Amelie (Fabuleux destin d\'AmÃ©lie Poulain', '""Sixth Sense', 'Good Will Hunting (1997)']"
229,"['""Godfather', 'Star Wars: Episode VI - Return of the Jedi (1983)', 'Harry Potter and the Chamber of Secrets (2002)', ""Harry Potter and the Sorcerer's Stone (a.k.a. Harry Potter and the Philosopher's Stone) (2001)"", 'Harry Potter and the Deathly Hallows: Part 2 (2011)']"
230,"['Raiders of the Lost Ark (Indiana Jones and the Raiders of the Lost Ark) (1981)', 'American Beauty (1999)', 'Big Daddy (1999)', '""Hunchback of Notre Dame', '""Jungle Book']"
231,"['Dances with Wolves (1990)', '""Shawshank Redemption', '""Usual Suspects', 'Apollo 13 (1995)', 'Forrest Gump (1994)']"
232,"['Arlington Road (1999)', 'American Beauty (1999)', '""Peacemaker', 'Midnight in the Garden of Good and Evil (1997)', '""Jackal']"
233,"['Bossa Nova (2000)', 'Twister (1996)', '""Birdcage', 'Four Rooms (1995)', 'Grumpier Old Men (1995)']"
234,"['Pulp Fiction (1994)', 'Rear Window (1954)', '""Third Man', 'Forrest Gump (1994)', '""First Wives Club']"
235,"['Dog Day Afternoon (1975)', '""Godfather', '""Godfather: Part II', 'American Beauty (1999)', 'Goodfellas (1990)']"
236,"['""Lord of the Rings: The Two Towers', '""Lord of the Rings: The Fellowship of the Ring', 'Spirited Away (Sen to Chihiro no kamikakushi) (2001)', '""Sixth Sense', 'Fight Club (1999)']"
237,"['""Lion King', '""Silence of the Lambs', 'Toy Story (1995)', '""Fugitive', 'Batman Forever (1995)']"
238,"['Forrest Gump (1994)', '""Usual Suspects', 'Independence Day (a.k.a. ID4) (1996)', 'Good Will Hunting (1997)', 'Jurassic Park (1993)']"
239,"['Madagascar (2005)', 'Shrek the Third (2007)', ""Madagascar 3: Europe's Most Wanted (2012)"", 'Madagascar: Escape 2 Africa (2008)', 'Despicable Me 2 (2013)']"
240,"['""Godfather', 'Fight Club (1999)', 'Dr. Strangelove or: How I Learned to Stop Worrying and Love the Bomb (1964)', ""One Flew Over the Cuckoo's Nest (1975)"", '""Matrix']"
241,"['Men in Black (a.k.a. MIB) (1997)', 'Dances with Wolves (1990)', 'Back to the Future (1985)', 'American Pie (1999)', 'X-Men (2000)']"
242,"['Gladiator (2000)', '""Lord of the Rings: The Two Towers', '""Lord of the Rings: The Fellowship of the Ring', '""Lord of the Rings: The Return of the King', 'Up (2009)']"
243,"['""Dark Knight Rises', '""Dark Knight', 'Gladiator (2000)', '""Shawshank Redemption', 'Raiders of the Lost Ark (Indiana Jones and the Raiders of the Lost Ark) (1981)']"
244,"['Memento (2000)', 'Pulp Fiction (1994)', 'Donnie Darko (2001)', ""Schindler's List (1993)"", '""Pianist']"
245,"['""Silence of the Lambs', '""Shawshank Redemption', 'Fargo (1996)', 'Raiders of the Lost Ark (Indiana Jones and the Raiders of the Lost Ark) (1981)', 'Pulp Fiction (1994)']"
246,"['""Silence of the Lambs', 'Seven (a.k.a. Se7en) (1995)', 'Dances with Wolves (1990)', 'Braveheart (1995)', 'Toy Story (1995)']"
247,"['13 Going on 30 (2004)', 'Happy Gilmore (1996)', 'Total Recall (1990)', 'Star Wars: Episode I - The Phantom Menace (1999)', 'Funny Face (1957)']"
248,"['Forrest Gump (1994)', 'Jurassic Park (1993)', 'Terminator 2: Judgment Day (1991)', 'Braveheart (1995)', 'Aladdin (1992)']"
249,"['My Cousin Vinny (1992)', 'Disclosure (1994)', 'Chasing Amy (1997)', 'Star Trek IV: The Voyage Home (1986)', 'Father of the Bride Part II (1995)']"
250,"['Forrest Gump (1994)', 'Pulp Fiction (1994)', '""Departed', 'Apollo 13 (1995)', 'Mission: Impossible (1996)']"
251,"['""Grand Budapest Hotel', 'Robots (2005)', 'Happy Feet (2006)', 'Life Is Beautiful (La Vita Ã¨ bella) (1997)', 'Up (2009)']"
252,"['""Shawshank Redemption', ""Schindler's List (1993)"", 'Forrest Gump (1994)', 'Apollo 13 (1995)', 'Braveheart (1995)']"
253,"['Guardians of the Galaxy (2014)', 'Forrest Gump (1994)', 'Casino Royale (2006)', '""Dark Knight', 'Slumdog Millionaire (2008)']"
254,"['Twister (1996)', 'Grumpier Old Men (1995)', 'Broken Arrow (1996)', ""Mr. Holland's Opus (1995)"", 'Almost Famous (2000)']"
255,"['""Shawshank Redemption', '""Silence of the Lambs', 'Braveheart (1995)', 'Forrest Gump (1994)', 'Pulp Fiction (1994)']"
256,"['Twelve Monkeys (a.k.a. 12 Monkeys) (1995)', 'Fargo (1996)', 'Willy Wonka & the Chocolate Factory (1971)', 'Pulp Fiction (1994)', '""Fugitive']"
257,"['""Silence of the Lambs', 'Legends of the Fall (1994)', '""Lord of the Rings: The Fellowship of the Ring', '""Shawshank Redemption', 'Forrest Gump (1994)']"
258,"['""Mask', 'Braveheart (1995)', 'Babe (1995)', 'Saving Private Ryan (1998)', 'E.T. the Extra-Terrestrial (1982)']"
259,"['Independence Day (a.k.a. ID4) (1996)', '""Birdcage', 'Toy Story (1995)', 'Gladiator (2000)', 'Raiders of the Lost Ark (Indiana Jones and the Raiders of the Lost Ark) (1981)']"
260,"['Jurassic Park (1993)', 'Mission: Impossible (1996)', 'Braveheart (1995)', 'Apollo 13 (1995)', 'Forrest Gump (1994)']"
261,"['Braveheart (1995)', '""Fugitive', 'GoldenEye (1995)', '""Mask', 'True Lies (1994)']"
262,"['Forrest Gump (1994)', 'Speed (1994)', 'Fight Club (1999)', '""Matrix', '""Breakfast Club']"
263,"['Michael Clayton (2007)', 'Fatal Attraction (1987)', '""Maltese Falcon', 'M*A*S*H (a.k.a. MASH) (1970)', 'Doctor Zhivago (1965)']"
264,"['Goodfellas (1990)', 'Dr. Strangelove or: How I Learned to Stop Worrying and Love the Bomb (1964)', '12 Angry Men (1957)', '""Godfather', '""Lord of the Rings: The Fellowship of the Ring']"
265,"['Pulp Fiction (1994)', 'Eternal Sunshine of the Spotless Mind (2004)', 'Requiem for a Dream (2000)', 'Sweet Home Alabama (2002)', '""Sisterhood of the Traveling Pants']"
266,"['""Lord of the Rings: The Return of the King', '""King\'s Speech', 'Batman Begins (2005)', '""Dark Knight Rises', '""Dark Knight']"
267,"['""Shawshank Redemption', 'Pulp Fiction (1994)', 'True Romance (1993)', 'Outbreak (1995)', 'Disclosure (1994)']"
268,"['""Lord of the Rings: The Fellowship of the Ring', '""Lord of the Rings: The Return of the King', '""Lord of the Rings: The Two Towers', '""Monsters', ""Schindler's List (1993)""]"
269,"['Terminator 2: Judgment Day (1991)', '""Godfather', ""Schindler's List (1993)"", 'Alien (1979)', '""Silence of the Lambs']"
270,"['""Shawshank Redemption', '""Silence of the Lambs', 'Pulp Fiction (1994)', 'Memento (2000)', 'Terminator 2: Judgment Day (1991)']"
271,"['Finding Nemo (2003)', 'Pirates of the Caribbean: The Curse of the Black Pearl (2003)', '""Monsters', 'Django Unchained (2012)', 'Star Wars: Episode IV - A New Hope (1977)']"
272,"['Jurassic Park (1993)', 'Star Wars: Episode IV - A New Hope (1977)', '""Princess Bride', 'Star Wars: Episode V - The Empire Strikes Back (1980)', '""Fugitive']"
273,"['Saving Private Ryan (1998)', 'Rear Window (1954)', 'Lawrence of Arabia (1962)', 'On the Waterfront (1954)', '""Shawshank Redemption']"
274,"['Anne Frank Remembered (1995)', 'Star Trek: First Contact (1996)', '""Crouching Tiger', 'Nixon (1995)', 'French Twist (Gazon maudit) (1995)']"
275,"[""Mr. Holland's Opus (1995)"", 'Twister (1996)', 'GoldenEye (1995)', 'Mission: Impossible (1996)', 'True Lies (1994)']"
276,"['Pinocchio (1940)', 'Fargo (1996)', 'Pulp Fiction (1994)', 'Like Water for Chocolate (Como agua para chocolate) (1992)', ""One Flew Over the Cuckoo's Nest (1975)""]"
277,"['Forrest Gump (1994)', 'Speed (1994)', 'Braveheart (1995)', 'Apollo 13 (1995)', '""Shawshank Redemption']"
278,"['Star Wars: Episode V - The Empire Strikes Back (1980)', 'Willy Wonka & the Chocolate Factory (1971)', 'Full Metal Jacket (1987)', ""Harry Potter and the Sorcerer's Stone (a.k.a. Harry Potter and the Philosopher's Stone) (2001)"", 'Austin Powers: The Spy Who Shagged Me (1999)']"
279,"['Dancer in the Dark (2000)', 'Calendar Girls (2003)', 'Contact (1997)', 'About Schmidt (2002)', 'Shrek (2001)']"
280,"['Alien (1979)', '""Godfather', '""Matrix', 'Star Wars: Episode IV - A New Hope (1977)', '""Godfather: Part II']"
281,"['Forrest Gump (1994)', 'Pirates of the Caribbean: The Curse of the Black Pearl (2003)', '""Lord of the Rings: The Return of the King', '""Lord of the Rings: The Two Towers', 'Inception (2010)']"
282,"['Eternal Sunshine of the Spotless Mind (2004)', ""Breakfast at Tiffany's (1961)"", '10 Things I Hate About You (1999)', '""Graduate', '""Apartment']"
283,"['Shine (1996)', 'American Beauty (1999)', 'Billy Elliot (2000)', 'X2: X-Men United (2003)', '""Beautiful Mind']"
284,"['""Matrix', 'Inglourious Basterds (2009)', '""Silence of the Lambs', 'Star Wars: Episode IV - A New Hope (1977)', 'Memento (2000)']"
285,"['Forrest Gump (1994)', 'Pretty Woman (1990)', 'Jurassic Park (1993)', 'Aladdin (1992)', 'Naked Gun 33 1/3: The Final Insult (1994)']"
286,"['""Adventures of Priscilla', 'Alien (1979)', 'Heathers (1989)', 'Fantasia (1940)', 'Poltergeist (1982)']"
287,"['True Lies (1994)', 'Forrest Gump (1994)', 'Apollo 13 (1995)', '""Net', 'Seven (a.k.a. Se7en) (1995)']"
288,"['""King\'s Speech', 'Sherlock Holmes (2009)', '""Notebook', '127 Hours (2010)', '""Painted Veil']"
289,"['Forrest Gump (1994)', '""Shawshank Redemption', 'Terminator 2: Judgment Day (1991)', '""Silence of the Lambs', 'Jurassic Park (1993)']"
290,"['""Dark Knight', 'Young Frankenstein (1974)', '""Lion King', '10 Things I Hate About You (1999)', 'Casper (1995)']"
291,"['""Matrix', '""Lord of the Rings: The Two Towers', 'Monty Python and the Holy Grail (1975)', 'Eternal Sunshine of the Spotless Mind (2004)', 'Citizen Kane (1941)']"
292,"['""Faculty', '""Amelie (Fabuleux destin d\'AmÃ©lie Poulain', 'American Beauty (1999)', 'City of God (Cidade de Deus) (2002)', 'American Graffiti (1973)']"
293,"['Forrest Gump (1994)', 'Back to the Future (1985)', 'Star Wars: Episode VI - Return of the Jedi (1983)', 'Mission: Impossible (1996)', 'Jurassic Park (1993)']"
294,"['Life Is Beautiful (La Vita Ã¨ bella) (1997)', ""Schindler's List (1993)"", 'Inception (2010)', 'Toy Story (1995)', 'Toy Story 3 (2010)']"
295,"['""Matrix', 'Star Wars: Episode VI - Return of the Jedi (1983)', 'Guardians of the Galaxy (2014)', 'Guardians of the Galaxy 2 (2017)', '""Lord of the Rings: The Fellowship of the Ring']"
296,"['""Silence of the Lambs', 'Apollo 13 (1995)', '""Fugitive', 'Seven (a.k.a. Se7en) (1995)', 'American Beauty (1999)']"
297,"['""Matrix', '""Dark Knight', '""Lord of the Rings: The Two Towers', '""Godfather', 'Die Hard (1988)']"
298,"['Air Force One (1997)', 'L.A. Confidential (1997)', 'Wag the Dog (1997)', 'Scream (1996)', 'Titanic (1997)']"
299,"['""Shawshank Redemption', '""Usual Suspects', '""Matrix', '""Silence of the Lambs', '""Princess Bride']"
300,"['Kill Bill: Vol. 1 (2003)', 'Robin Hood: Men in Tights (1993)', '""Crow', 'Mary Poppins (1964)', 'Fantasia (1940)']"
301,"['""Princess Bride', 'Little Women (1994)', 'Never Been Kissed (1999)', 'Time Bandits (1981)', '""Thomas Crown Affair']"
302,"['Cliffhanger (1993)', 'Batman Forever (1995)', 'Addams Family Values (1993)', 'Slumdog Millionaire (2008)', '""Dark Knight']"
303,"['""Shawshank Redemption', '""Lord of the Rings: The Two Towers', '""Lord of the Rings: The Fellowship of the Ring', '""Lord of the Rings: The Return of the King', '""Bourne Ultimatum']"
304,"['Inception (2010)', '""Lock', '""Boondock Saints', '""Dark Knight', '""Departed']"
305,"['10 Things I Hate About You (1999)', 'Emma (1996)', 'Deep Impact (1998)', '101 Dalmatians (1996)', 'Muppet Treasure Island (1996)']"
306,"['""Matrix', '""Lord of the Rings: The Two Towers', 'Fight Club (1999)', 'Eternal Sunshine of the Spotless Mind (2004)', ""Schindler's List (1993)""]"
307,"['True Lies (1994)', 'Butch Cassidy and the Sundance Kid (1969)', 'Children of the Corn IV: The Gathering (1996)', '""Long Kiss Goodnight', 'Moll Flanders (1996)']"
308,"['M*A*S*H (a.k.a. MASH) (1970)', ""One Flew Over the Cuckoo's Nest (1975)"", 'Desperado (1995)', 'Being John Malkovich (1999)', 'American Pie (1999)']"
309,"['Forrest Gump (1994)', '""Silence of the Lambs', '""Fugitive', 'Clear and Present Danger (1994)', 'Dances with Wolves (1990)']"
310,"['""Usual Suspects', '""Silence of the Lambs', '""Shawshank Redemption', '""Matrix', 'Pulp Fiction (1994)']"
311,"['Die Hard (1988)', 'Toy Story (1995)', 'Independence Day (a.k.a. ID4) (1996)', 'Pulp Fiction (1994)', '""Shawshank Redemption']"
312,"['Iron Man (2008)', 'Up (2009)', 'WALLÂ·E (2008)', '""Avengers', 'Inception (2010)']"
313,"['Inception (2010)', 'Eternal Sunshine of the Spotless Mind (2004)', 'Little Miss Sunshine (2006)', '""Manchurian Candidate', 'Entrapment (1999)']"
314,"['""Matrix', '""Crouching Tiger', '""Amelie (Fabuleux destin d\'AmÃ©lie Poulain', '""Producers', 'Gladiator (2000)']"
315,"['American Beauty (1999)', 'Pulp Fiction (1994)', 'Fight Club (1999)', 'Apocalypse Now (1979)', ""One Flew Over the Cuckoo's Nest (1975)""]"
316,"['""Shawshank Redemption', '""Silence of the Lambs', '""Producers', 'Citizen Kane (1941)', 'Cinema Paradiso (Nuovo cinema Paradiso) (1989)']"
317,"['Toy Story (1995)', 'Star Trek: First Contact (1996)', 'Executive Decision (1996)', 'Phenomenon (1996)', 'Twister (1996)']"
318,"['Wag the Dog (1997)', 'Scream (1996)', 'Good Will Hunting (1997)', 'Scream 2 (1997)', '""Craft']"
319,"['""Lord of the Rings: The Fellowship of the Ring', 'Star Wars: Episode IV - A New Hope (1977)', 'Alien (1979)', 'Star Wars: Episode V - The Empire Strikes Back (1980)', 'Aliens (1986)']"
320,"['""Dark Knight', '""Matrix', '""Dark Knight Rises', 'Shrek (2001)', '""Lord of the Rings: The Fellowship of the Ring']"
321,"['""Lord of the Rings: The Two Towers', 'LÃ©on: The Professional (a.k.a. The Professional) (LÃ©on) (1994)', '""Lord of the Rings: The Fellowship of the Ring', 'Blade Runner (1982)', '""Matrix']"
322,"['""Notebook', '10 Things I Hate About You (1999)', 'First Knight (1995)', '2001: A Space Odyssey (1968)', 'Pride & Prejudice (2005)']"
323,"['Poltergeist (1982)', 'Adaptation (2002)', '""Insider', 'Witness (1985)', 'Alien (1979)']"
324,"['Pulp Fiction (1994)', 'Forrest Gump (1994)', ""Schindler's List (1993)"", 'Memento (2000)', 'Dead Man Walking (1995)']"
325,"['GoldenEye (1995)', 'Jurassic Park (1993)', 'Clear and Present Danger (1994)', 'Apollo 13 (1995)', 'Stargate (1994)']"
326,"['Men in Black (a.k.a. MIB) (1997)', 'Star Trek: First Contact (1996)', 'Toy Story (1995)', 'X-Men (2000)', 'X2: X-Men United (2003)']"
327,"['""Dark Knight Rises', '""Lord of the Rings: The Fellowship of the Ring', 'Up (2009)', '""Matrix', 'Despicable Me (2010)']"
328,"['""13th Warrior', 'Escape from L.A. (1996)', '""Crouching Tiger', 'Circle of Friends (1995)', '""20']"
329,"['Fight Club (1999)', '""Departed', '""Sixth Sense', 'Forrest Gump (1994)', 'American Beauty (1999)']"
330,"['Big Daddy (1999)', '10 Things I Hate About You (1999)', 'Almost Famous (2000)', 'Pride & Prejudice (2005)', 'Twilight (2008)']"
331,"['Forrest Gump (1994)', 'Jurassic Park (1993)', 'Stargate (1994)', ""Schindler's List (1993)"", 'Back to the Future (1985)']"
332,"['10 Things I Hate About You (1999)', 'Down Periscope (1996)', '""Faculty', 'Delirium (2014)', 'Laggies (2014)']"
333,"['Forrest Gump (1994)', 'Monty Python and the Holy Grail (1975)', 'Blade Runner (1982)', '""Sound of Music', 'Home Alone (1990)']"
334,"['""Godfather', 'Fargo (1996)', '""Legend of Drunken Master', 'Harry Potter and the Half-Blood Prince (2009)', 'Titanic (1997)']"
335,"['Toy Story (1995)', '""Birdcage', 'Happy Gilmore (1996)', 'Star Wars: Episode IV - A New Hope (1977)', 'Gladiator (2000)']"
336,"['Star Trek: First Contact (1996)', 'Independence Day (a.k.a. ID4) (1996)', 'Mission: Impossible (1996)', '""Rock', ""Mr. Holland's Opus (1995)""]"
337,"['Saving Private Ryan (1998)', 'Apollo 13 (1995)', 'Life Is Beautiful (La Vita Ã¨ bella) (1997)', '""Truman Show', ""Schindler's List (1993)""]"
338,"['Braveheart (1995)', '""Wolf of Wall Street', 'Contact (1997)', 'Clear and Present Danger (1994)', 'Spider-Man 2 (2004)']"
339,"['Star Wars: Episode IV - A New Hope (1977)', 'Eraser (1996)', '""Nutty Professor', '""Sound of Music', 'West Side Story (1961)']"
340,"['Star Wars: Episode IV - A New Hope (1977)', 'Fargo (1996)', 'Raiders of the Lost Ark (Indiana Jones and the Raiders of the Lost Ark) (1981)', 'Blade Runner (1982)', '""Lord of the Rings: The Two Towers']"
341,"['Saving Private Ryan (1998)', '""Silence of the Lambs', 'Pulp Fiction (1994)', '""Matrix', '""Fugitive']"
342,"['""Shawshank Redemption', 'Forrest Gump (1994)', ""One Flew Over the Cuckoo's Nest (1975)"", 'Star Wars: Episode VI - Return of the Jedi (1983)', 'Pulp Fiction (1994)']"
343,"['Full Metal Jacket (1987)', 'Clerks (1994)', '""Fugitive', 'American Graffiti (1973)', 'Forrest Gump (1994)']"
344,"['""Dirty Dozen', 'Ace Ventura: Pet Detective (1994)', 'Die Hard: With a Vengeance (1995)', 'Star Trek: Generations (1994)', 'Speed (1994)']"
345,"['""Shawshank Redemption', 'Forrest Gump (1994)', 'Braveheart (1995)', ""Schindler's List (1993)"", 'Four Weddings and a Funeral (1994)']"
346,"['Doctor Zhivago (1965)', '""Shawshank Redemption', 'Patton (1970)', 'Sudden Impact (1983)', '""Godfather: Part III']"
347,"['Star Wars: Episode IV - A New Hope (1977)', 'Star Trek: First Contact (1996)', 'Gladiator (2000)', 'Airplane! (1980)', 'Gone in 60 Seconds (2000)']"
348,"['Twister (1996)', ""Harry Potter and the Sorcerer's Stone (a.k.a. Harry Potter and the Philosopher's Stone) (2001)"", 'Toy Story (1995)', 'Mission: Impossible (1996)', 'Harry Potter and the Half-Blood Prince (2009)']"
349,"['""Shawshank Redemption', ""One Flew Over the Cuckoo's Nest (1975)"", '""Matrix', '""Godfather', 'Cinema Paradiso (Nuovo cinema Paradiso) (1989)']"
350,"['""Shawshank Redemption', 'Pulp Fiction (1994)', '""Matrix', 'Die Hard (1988)', '""Silence of the Lambs']"
351,"['""Godfather', ""Schindler's List (1993)"", 'Toy Story (1995)', 'James and the Giant Peach (1996)', '""Nutty Professor']"
352,"['Twelve Monkeys (a.k.a. 12 Monkeys) (1995)', '""Hunchback of Notre Dame', 'Terminator 2: Judgment Day (1991)', 'Almost Famous (2000)', '""Fugitive']"
353,"[""Bridget Jones's Diary (2001)"", '""Lord of the Rings: The Two Towers', '""Lord of the Rings: The Fellowship of the Ring', '""Matrix', '""King\'s Speech']"
354,"['Twister (1996)', '""Godfather: Part II', ""Mr. Holland's Opus (1995)"", 'Broken Arrow (1996)', 'Grumpier Old Men (1995)']"
355,"['Apollo 13 (1995)', '""Usual Suspects', 'Batman (1989)', 'Beauty and the Beast (1991)', 'Dances with Wolves (1990)']"
356,"['Entrapment (1999)', '""Faculty', '""10', 'Payback (1999)', 'Twelve Monkeys (a.k.a. 12 Monkeys) (1995)']"
357,"['Madagascar: Escape 2 Africa (2008)', '28 Days (2000)', 'Twelve Monkeys (a.k.a. 12 Monkeys) (1995)', '3-Iron (Bin-jip) (2004)', 'Ice Princess (2005)']"
358,"['""Godfather', 'American Beauty (1999)', '""Godfather: Part II', 'Seven (a.k.a. Se7en) (1995)', 'Forrest Gump (1994)']"
359,"['""Shining', '""Matrix Reloaded', 'Casino (1995)', 'Apocalypse Now (1979)', 'Snatch (2000)']"
360,"['Star Wars: Episode IV - A New Hope (1977)', '""Silence of the Lambs', 'Fargo (1996)', 'Raiders of the Lost Ark (Indiana Jones and the Raiders of the Lost Ark) (1981)', 'Star Wars: Episode V - The Empire Strikes Back (1980)']"
361,"['""Usual Suspects', 'Dances with Wolves (1990)', 'While You Were Sleeping (1995)', '""Net', 'Beauty and the Beast (1991)']"
362,"['Beauty and the Beast (1991)', '""Bug\'s Life', 'Toy Story 2 (1999)', 'Toy Story (1995)', 'Aladdin (1992)']"
363,"['""American President', 'Braveheart (1995)', 'Dances with Wolves (1990)', 'Apollo 13 (1995)', ""Mr. Holland's Opus (1995)""]"
364,"['""Shawshank Redemption', 'Jumanji (1995)', 'Batman Forever (1995)', 'Braveheart (1995)', 'Pulp Fiction (1994)']"
365,"['Die Hard: With a Vengeance (1995)', '""Fugitive', 'Ace Ventura: Pet Detective (1994)', 'Clear and Present Danger (1994)', 'Batman Forever (1995)']"
366,"['Star Wars: Episode IV - A New Hope (1977)', '""Matrix', 'Star Wars: Episode V - The Empire Strikes Back (1980)', 'Indiana Jones and the Last Crusade (1989)', '""Godfather']"
367,"['Legends of the Fall (1994)', '""Midnight Clear', 'True Romance (1993)', 'Raising Arizona (1987)', 'Down by Law (1986)']"
368,"['Up (2009)', 'Spirited Away (Sen to Chihiro no kamikakushi) (2001)', 'Inception (2010)', '""Shawshank Redemption', 'Life Is Beautiful (La Vita Ã¨ bella) (1997)']"
369,"['""King\'s Speech', 'Skyfall (2012)', 'Brave (2012)', '""Lord of the Rings: The Return of the King', '""Specialist']"
370,"['""Color Purple', '""Hunchback of Notre Dame', 'Bowfinger (1999)', 'Teaching Mrs. Tingle (1999)', 'SLC Punk! (1998)']"
371,"['""Shawshank Redemption', 'Ed Wood (1994)', 'Clerks (1994)', 'WALLÂ·E (2008)', '""Usual Suspects']"
372,"['Harry Potter and the Chamber of Secrets (2002)', 'Harry Potter and the Goblet of Fire (2005)', 'Harry Potter and the Order of the Phoenix (2007)', 'Harry Potter and the Half-Blood Prince (2009)', 'Harry Potter and the Deathly Hallows: Part 1 (2010)']"
373,"['Aladdin (1992)', 'My Cousin Vinny (1992)', 'Ghostbusters (a.k.a. Ghost Busters) (1984)', 'American Beauty (1999)', 'Dirty Dancing (1987)']"
374,"['Shrek (2001)', 'Ice Age (2002)', 'Memento (2000)', '""Monsters', '""Bug\'s Life']"
375,"['""Silence of the Lambs', ""One Flew Over the Cuckoo's Nest (1975)"", '""Godfather', '""Lion King', 'Pulp Fiction (1994)']"
376,"['10 Things I Hate About You (1999)', 'Clueless (1995)', 'Pulp Fiction (1994)', 'Love Actually (2003)', 'Sweet Home Alabama (2002)']"
377,"[""Schindler's List (1993)"", 'Forrest Gump (1994)', '""Shawshank Redemption', 'Dances with Wolves (1990)', '""Silence of the Lambs']"
378,"['Star Wars: Episode IV - A New Hope (1977)', 'Sense and Sensibility (1995)', 'Angels and Insects (1995)', 'Fargo (1996)', 'Mighty Aphrodite (1995)']"
379,"['Alien (1979)', 'Memento (2000)', '""Beautiful Mind', 'Twelve Monkeys (a.k.a. 12 Monkeys) (1995)', 'Aliens (1986)']"
380,"['""Notebook', '127 Hours (2010)', '""King\'s Speech', '""Lake House', '""Painted Veil']"
381,"['""Boot', ""Schindler's List (1993)"", '""English Patient', 'Shine (1996)', '""Pink Panther']"
382,"['Madagascar: Escape 2 Africa (2008)', 'Ice Princess (2005)', 'Footloose (1984)', 'Chasing Liberty (2004)', 'Take the Lead (2006)']"
383,"['Raiders of the Lost Ark (Indiana Jones and the Raiders of the Lost Ark) (1981)', 'Star Wars: Episode IV - A New Hope (1977)', 'Terminator 2: Judgment Day (1991)', 'Alien (1979)', 'Casablanca (1942)']"
384,"['""Lord of the Rings: The Two Towers', 'Raiders of the Lost Ark (Indiana Jones and the Raiders of the Lost Ark) (1981)', 'Star Wars: Episode IV - A New Hope (1977)', 'Dr. Strangelove or: How I Learned to Stop Worrying and Love the Bomb (1964)', 'Inception (2010)']"
385,"['""Truman Show', 'Love Actually (2003)', 'Notting Hill (1999)', ""Bridget Jones's Diary (2001)"", 'Miss Congeniality (2000)']"
386,"['Inception (2010)', '""Bug\'s Life', 'Good Will Hunting (1997)', 'Fight Club (1999)', '""Matrix']"
387,"['Twister (1996)', 'Star Trek: First Contact (1996)', ""Mr. Holland's Opus (1995)"", 'Broken Arrow (1996)', 'Toy Story (1995)']"
388,"['Forrest Gump (1994)', 'No Country for Old Men (2007)', 'Kill Bill: Vol. 1 (2003)', '""Prestige', 'Gladiator (2000)']"
389,"['""Silence of the Lambs', '""Shawshank Redemption', '""Thomas Crown Affair', '""Game', 'Catch Me If You Can (2002)']"
390,"['""Indian in the Cupboard', 'Star Trek: First Contact (1996)', 'Beauty and the Beast (1991)', 'Stargate (1994)', 'Babe (1995)']"
391,"['Ice Age (2002)', 'Escape from L.A. (1996)', 'Troll 2 (1990)', 'The Lair of the White Worm (1988)', 'Hangar 18 (1980)']"
392,"['Toy Story (1995)', 'Juno (2007)', 'Alien (1979)', '""Incredibles', '""Dark Knight']"
393,"['Dances with Wolves (1990)', '""Shawshank Redemption', 'Apollo 13 (1995)', 'Babe (1995)', 'Pulp Fiction (1994)']"
394,"['Men in Black (a.k.a. MIB) (1997)', 'Legally Blonde (2001)', 'Shrek (2001)', 'Mean Girls (2004)', 'Total Recall (1990)']"
395,"['Star Wars: Episode IV - A New Hope (1977)', 'Star Wars: Episode VI - Return of the Jedi (1983)', 'Raiders of the Lost Ark (Indiana Jones and the Raiders of the Lost Ark) (1981)', '""Breakfast Club', '""Lord of the Rings: The Two Towers']"
396,"['Apollo 13 (1995)', 'True Lies (1994)', 'Jumanji (1995)', '""Silence of the Lambs', 'Braveheart (1995)']"
397,"['Cool Hand Luke (1967)', '""Matrix', 'Raiders of the Lost Ark (Indiana Jones and the Raiders of the Lost Ark) (1981)', 'Pulp Fiction (1994)', 'Groundhog Day (1993)']"
398,"['""Shawshank Redemption', 'Pulp Fiction (1994)', ""One Flew Over the Cuckoo's Nest (1975)"", 'Die Hard (1988)', '""Bourne Identity']"
399,"['""Shawshank Redemption', 'Apollo 13 (1995)', 'Taxi Driver (1976)', 'Dances with Wolves (1990)', 'Rear Window (1954)']"
400,"['X-Men (2000)', 'Jurassic Park (1993)', 'Apollo 13 (1995)', 'GoldenEye (1995)', 'Mrs. Doubtfire (1993)']"
401,"['Pulp Fiction (1994)', 'Saving Private Ryan (1998)', '""Shawshank Redemption', 'Rear Window (1954)', '""Godfather']"
402,"['""Shawshank Redemption', 'Snatch (2000)', 'Almost Famous (2000)', '""Lord of the Rings: The Return of the King', 'Memento (2000)']"
403,"['""Shawshank Redemption', '""League of Their Own', 'Forrest Gump (1994)', 'Slumdog Millionaire (2008)', 'Butch Cassidy and the Sundance Kid (1969)']"
404,"['Austin Powers: International Man of Mystery (1997)', 'Star Wars: Episode IV - A New Hope (1977)', '""Incredibles', 'Guardians of the Galaxy 2 (2017)', 'Shrek (2001)']"
405,"['Fargo (1996)', 'Toy Story (1995)', '""Shining', 'Sense and Sensibility (1995)', '""Postman']"
406,"['Jurassic Park (1993)', 'Forrest Gump (1994)', 'Clueless (1995)', ""Schindler's List (1993)"", 'Twelve Monkeys (a.k.a. 12 Monkeys) (1995)']"
407,"['Toy Story (1995)', 'Vertigo (1958)', 'Casablanca (1942)', ""One Flew Over the Cuckoo's Nest (1975)"", '""Shawshank Redemption']"
408,"['""Silence of the Lambs', 'Pulp Fiction (1994)', 'Seven (a.k.a. Se7en) (1995)', 'Gattaca (1997)', 'Apocalypse Now (1979)']"
409,"['Braveheart (1995)', 'Apollo 13 (1995)', 'Forrest Gump (1994)', 'Aladdin (1992)', 'Crimson Tide (1995)']"
410,"['""Rock', 'GoldenEye (1995)', 'Saving Private Ryan (1998)', '""Matrix', 'Raiders of the Lost Ark (Indiana Jones and the Raiders of the Lost Ark) (1981)']"
411,"['""Matrix', '""Dark Knight', 'WALLÂ·E (2008)', 'Shrek (2001)', 'District 9 (2009)']"
412,"['Forrest Gump (1994)', '""Shawshank Redemption', 'Dances with Wolves (1990)', 'Sleepless in Seattle (1993)', 'Apollo 13 (1995)']"
413,"['""Crouching Tiger', 'Dr. Strangelove or: How I Learned to Stop Worrying and Love the Bomb (1964)', 'Austin Powers: International Man of Mystery (1997)', 'Harry Potter and the Prisoner of Azkaban (2004)', '""Rocky Horror Picture Show']"
414,"['27 Dresses (2008)', '21 Jump Street (2012)', 'Harry Potter and the Prisoner of Azkaban (2004)', 'Ice Princess (2005)', 'Take the Lead (2006)']"
415,"['Independence Day (a.k.a. ID4) (1996)', 'Broken Arrow (1996)', 'Executive Decision (1996)', 'Twister (1996)', 'Star Trek: First Contact (1996)']"
416,"['Apollo 13 (1995)', ""Mr. Holland's Opus (1995)"", 'Braveheart (1995)', 'Toy Story (1995)', 'Die Hard: With a Vengeance (1995)']"
417,"['Apollo 13 (1995)', 'Jurassic Park (1993)', 'Braveheart (1995)', 'Speed (1994)', 'Terminator 2: Judgment Day (1991)']"
418,"['Casino (1995)', '""Godfather', 'Executive Decision (1996)', '""Godfather: Part III', 'Space Jam (1996)']"
419,"['""Postman', 'Star Wars: Episode IV - A New Hope (1977)', 'Raiders of the Lost Ark (Indiana Jones and the Raiders of the Lost Ark) (1981)', '""Rock', 'Spider-Man (2002)']"
420,"['Twister (1996)', 'Independence Day (a.k.a. ID4) (1996)', 'Broken Arrow (1996)', 'Eraser (1996)', 'Star Wars: Episode IV - A New Hope (1977)']"
421,"['Forrest Gump (1994)', 'Raiders of the Lost Ark (Indiana Jones and the Raiders of the Lost Ark) (1981)', 'Fargo (1996)', 'Reservoir Dogs (1992)', 'Back to the Future (1985)']"
422,"['Twister (1996)', 'Star Trek: First Contact (1996)', 'Die Hard: With a Vengeance (1995)', 'Terminator 2: Judgment Day (1991)', 'Broken Arrow (1996)']"
423,"['""Silence of the Lambs', 'Seven (a.k.a. Se7en) (1995)', ""One Flew Over the Cuckoo's Nest (1975)"", 'American Beauty (1999)', '""Hurt Locker']"
424,"['Top Gun (1986)', 'Independence Day (a.k.a. ID4) (1996)', 'E.T. the Extra-Terrestrial (1982)', 'Braveheart (1995)', '""Terminator']"
425,"['Michael Clayton (2007)', '""Maltese Falcon', 'M*A*S*H (a.k.a. MASH) (1970)', 'Harry Potter and the Half-Blood Prince (2009)', 'WALLÂ·E (2008)']"
426,"['Star Wars: Episode IV - A New Hope (1977)', 'Aliens (1986)', 'Star Wars: Episode V - The Empire Strikes Back (1980)', 'Men in Black (a.k.a. MIB) (1997)', 'Evil Dead II (Dead by Dawn) (1987)']"
427,"['""Shawshank Redemption', 'Dances with Wolves (1990)', 'Batman Forever (1995)', 'Crimson Tide (1995)', 'True Lies (1994)']"
428,"['""Shawshank Redemption', 'Raising Arizona (1987)', 'Down by Law (1986)', '""Wings of Desire (Himmel Ã¼ber Berlin', 'My Life as a Dog (Mitt liv som hund) (1985)']"
429,"['Men in Black (a.k.a. MIB) (1997)', 'X-Men (2000)', '""Matrix', '""Matrix Reloaded', ""There's Something About Mary (1998)""]"
430,"[""Schindler's List (1993)"", 'Pretty Woman (1990)', '""Mask', 'Sister Act (1992)', 'Braveheart (1995)']"
431,"['Forrest Gump (1994)', 'Speed (1994)', 'Crimson Tide (1995)', 'Terminator 2: Judgment Day (1991)', 'GoldenEye (1995)']"
432,"['Dancer in the Dark (2000)', 'Trading Places (1983)', '""Thomas Crown Affair', 'My Neighbor Totoro (Tonari no Totoro) (1988)', 'Monty Python and the Holy Grail (1975)']"
433,"['Forrest Gump (1994)', 'Back to the Future (1985)', '""Beautiful Mind', 'Dead Poets Society (1989)', 'Batman (1989)']"
434,"['Fatal Attraction (1987)', 'Basic Instinct (1992)', '""Adventures of Priscilla', 'Jane Eyre (1944)', 'Erin Brockovich (2000)']"
435,"['Braveheart (1995)', 'Dances with Wolves (1990)', 'Beauty and the Beast (1991)', '""Matrix', ""Schindler's List (1993)""]"
436,"['""Dark Knight', 'Gladiator (2000)', ""Ocean's Eleven (2001)"", '""Matrix', '""Lord of the Rings: The Fellowship of the Ring']"
437,"['WALLÂ·E (2008)', 'Finding Nemo (2003)', 'Tangled (2010)', 'Up (2009)', 'Shrek (2001)']"
438,"['Inception (2010)', 'Sweet Home Alabama (2002)', '""Sisterhood of the Traveling Pants', 'Ever After: A Cinderella Story (1998)', '27 Dresses (2008)']"
439,"['True Lies (1994)', 'Stargate (1994)', 'Army of Darkness (1993)', 'Ace Ventura: Pet Detective (1994)', '""Silence of the Lambs']"
440,"[""Schindler's List (1993)"", 'American Beauty (1999)', 'Star Wars: Episode VI - Return of the Jedi (1983)', '""Matrix', 'Raiders of the Lost Ark (Indiana Jones and the Raiders of the Lost Ark) (1981)']"
441,"['Forrest Gump (1994)', '""Shawshank Redemption', ""It's a Wonderful Life (1946)"", 'Butch Cassidy and the Sundance Kid (1969)', '""Godfather']"
442,"['Gladiator (2000)', 'Raiders of the Lost Ark (Indiana Jones and the Raiders of the Lost Ark) (1981)', 'Pulp Fiction (1994)', '""Usual Suspects', '""Matrix']"
443,"['""Monsters', 'X-Men (2000)', 'The Lego Movie (2014)', 'Contact (1997)', '""King\'s Speech']"
444,"['""Matrix', '""Lord of the Rings: The Fellowship of the Ring', '""Dark Knight', 'Shrek (2001)', 'Avatar (2009)']"
445,"['""Shawshank Redemption', 'Good Will Hunting (1997)', 'Election (1999)', 'Meet the Parents (2000)', 'Austin Powers: International Man of Mystery (1997)']"
446,"['""Matrix', 'Inherit the Wind (1960)', 'Pirates of the Caribbean: The Curse of the Black Pearl (2003)', ""Pirates of the Caribbean: Dead Man's Chest (2006)"", ""Ocean's Eleven (2001)""]"
447,"['Caddyshack (1980)', 'Star Wars: Episode VI - Return of the Jedi (1983)', '""Matrix', 'Raiders of the Lost Ark (Indiana Jones and the Raiders of the Lost Ark) (1981)', '""Crouching Tiger']"
448,"['Ice Princess (2005)', 'Chasing Liberty (2004)', 'Take the Lead (2006)', 'Step Up (2006)', 'Center Stage (2000)']"
449,"['Terminator 2: Judgment Day (1991)', 'Braveheart (1995)', 'Batman (1989)', 'Forrest Gump (1994)', 'Alien (1979)']"
450,"['""Matrix', 'Spider-Man 2 (2004)', ""What's Eating Gilbert Grape (1993)"", '""Shawshank Redemption', 'Spider-Man (2002)']"
451,"['""Lion King', '""Shawshank Redemption', 'Forrest Gump (1994)', 'Alien (1979)', 'Requiem for a Dream (2000)']"
452,"['Little Miss Sunshine (2006)', 'Delirium (2014)', 'Laggies (2014)', 'Insurgent (2015)', 'Inception (2010)']"
453,"['""Dark Knight', 'Zombieland (2009)', 'Interview with the Vampire: The Vampire Chronicles (1994)', 'Moonstruck (1987)', 'Night of the Living Dead (1968)']"
454,"['""Bourne Identity', '""Shawshank Redemption', 'Forrest Gump (1994)', '""Matrix', 'Shrek (2001)']"
455,"['""Godfather: Part II', 'Seven Samurai (Shichinin no samurai) (1954)', 'Pulp Fiction (1994)', 'Saving Private Ryan (1998)', '""Godfather']"
456,"[""Schindler's List (1993)"", '""Silence of the Lambs', '""Shawshank Redemption', 'Terminator 2: Judgment Day (1991)', '""Godfather']"
457,"['Forrest Gump (1994)', 'Beauty and the Beast (1991)', '""Fugitive', 'Aladdin (1992)', 'Ghost (1990)']"
458,"['American Beauty (1999)', 'Modern Times (1936)', '""Amelie (Fabuleux destin d\'AmÃ©lie Poulain', 'Dr. Strangelove or: How I Learned to Stop Worrying and Love the Bomb (1964)', 'Fargo (1996)']"
459,"['Forrest Gump (1994)', 'Saving Private Ryan (1998)', '""Silence of the Lambs', 'Dances with Wolves (1990)', 'Groundhog Day (1993)']"
460,"['""Fugitive', '""Lion King', 'Jurassic Park (1993)', 'Terminator 2: Judgment Day (1991)', 'Outbreak (1995)']"
461,"['""Godfather', 'Die Hard: With a Vengeance (1995)', 'GoldenEye (1995)', ""Mr. Holland's Opus (1995)"", 'Alien (1979)']"
462,"['True Romance (1993)', 'Forgetting Sarah Marshall (2008)', 'Clueless (1995)', 'Cruel Intentions (1999)', 'Let the Right One In (LÃ¥t den rÃ¤tte komma in) (2008)']"
463,"['""Shawshank Redemption', 'Dances with Wolves (1990)', '""Fugitive', '""Usual Suspects', 'Interview with the Vampire: The Vampire Chronicles (1994)']"
464,"['Coraline (2009)', 'Election (1999)', 'Entrapment (1999)', 'Toy Story (1995)', '""Producers']"
465,"['Star Wars: Episode IV - A New Hope (1977)', 'Office Space (1999)', 'Fight Club (1999)', 'Toy Story (1995)', 'Harry Potter and the Chamber of Secrets (2002)']"
466,"['Braveheart (1995)', 'Apollo 13 (1995)', 'Pulp Fiction (1994)', '""Usual Suspects', ""Schindler's List (1993)""]"
467,"['""Shining', 'Jaws (1975)', 'Raiders of the Lost Ark (Indiana Jones and the Raiders of the Lost Ark) (1981)', '""Breakfast Club', 'Pulp Fiction (1994)']"
468,"[""One Flew Over the Cuckoo's Nest (1975)"", 'Kill Bill: Vol. 1 (2003)', 'Kill Bill: Vol. 2 (2004)', 'Shrek (2001)', 'Forrest Gump (1994)']"
469,"['Inception (2010)', 'Finding Nemo (2003)', 'Interstellar (2014)', 'The Jinx: The Life and Deaths of Robert Durst (2015)', 'Inside Job (2010)']"
470,"['""Matrix', 'Raiders of the Lost Ark (Indiana Jones and the Raiders of the Lost Ark) (1981)', 'Inception (2010)', 'Titanic (1997)', 'Snatch (2000)']"
471,"['""Shawshank Redemption', 'Raiders of the Lost Ark (Indiana Jones and the Raiders of the Lost Ark) (1981)', 'Saving Private Ryan (1998)', 'Mission: Impossible (1996)', 'Titanic (1997)']"
472,"['Forrest Gump (1994)', 'Titanic (1997)', '""Silence of the Lambs', 'Jurassic Park (1993)', 'Good Will Hunting (1997)']"
473,"['Pulp Fiction (1994)', 'Seven (a.k.a. Se7en) (1995)', '""Matrix', 'Forrest Gump (1994)', '""Usual Suspects']"
474,"['Inception (2010)', 'Up (2009)', 'Interstellar (2014)', 'Zootopia (2016)', 'How to Train Your Dragon (2010)']"
475,"['""Shawshank Redemption', 'Wallace & Gromit: A Close Shave (1995)', 'Wallace & Gromit: The Wrong Trousers (1993)', 'Toy Story (1995)', 'Election (1999)']"
476,"['Gladiator (2000)', '""Sixth Sense', 'American Beauty (1999)', '""Rock', 'Fight Club (1999)']"
477,"['""Usual Suspects', 'Heavy Metal (1981)', 'Event Horizon (1997)', 'Casino (1995)', 'Rumble in the Bronx (Hont faan kui) (1995)']"
478,"['Star Trek: First Contact (1996)', 'Toy Story (1995)', 'Twister (1996)', 'Independence Day (a.k.a. ID4) (1996)', 'Star Wars: Episode IV - A New Hope (1977)']"
479,"['Apollo 13 (1995)', 'Gladiator (2000)', 'Goodfellas (1990)', 'American History X (1998)', '""Return of the Pink Panther']"
480,"['Despicable Me 2 (2013)', '""Manchurian Candidate', 'Entrapment (1999)', 'Shrek the Third (2007)', ""Madagascar 3: Europe's Most Wanted (2012)""]"
481,"['""Amelie (Fabuleux destin d\'AmÃ©lie Poulain', '""Godfather', '""Godfather: Part II', 'Star Wars: Episode IV - A New Hope (1977)', '""Incredibles']"
482,"['Star Wars: Episode IV - A New Hope (1977)', '""Silence of the Lambs', 'Fargo (1996)', 'Casablanca (1942)', 'Rear Window (1954)']"
483,"['Superman II (1980)', '""Manchurian Candidate', 'Entrapment (1999)', '""Player', 'Deep Impact (1998)']"
484,"['True Romance (1993)', '""Sting', 'Disclosure (1994)', 'Star Trek IV: The Voyage Home (1986)', 'Desperado (1995)']"
485,"['As Good as It Gets (1997)', '""Matrix', ""One Flew Over the Cuckoo's Nest (1975)"", 'Dr. Strangelove or: How I Learned to Stop Worrying and Love the Bomb (1964)', 'Blade Runner (1982)']"
486,"['""Matrix', ""One Flew Over the Cuckoo's Nest (1975)"", 'Men in Black (a.k.a. MIB) (1997)', '""Monsters', 'Life Is Beautiful (La Vita Ã¨ bella) (1997)']"
487,"['Braveheart (1995)', '""Fugitive', 'Apollo 13 (1995)', 'Forrest Gump (1994)', 'Outbreak (1995)']"
488,"['Batman (1989)', '""Net', 'Terminator 2: Judgment Day (1991)', 'Jurassic Park (1993)', 'Gladiator (2000)']"
489,"['Entrapment (1999)', '""Faculty', '""10', 'Payback (1999)', '10th & Wolf (2006)']"
490,"['GoldenEye (1995)', '""Princess Bride', 'True Lies (1994)', 'Clear and Present Danger (1994)', 'Ghostbusters (a.k.a. Ghost Busters) (1984)']"
491,"['""Shawshank Redemption', 'Pulp Fiction (1994)', 'Dances with Wolves (1990)', '""Matrix', 'Star Trek VI: The Undiscovered Country (1991)']"
492,"['Love Actually (2003)', 'Moon (2009)', 'L.A. Confidential (1997)', '""King\'s Speech', 'Emma (1996)']"
493,"['Shrek (2001)', 'Forrest Gump (1994)', 'Twelve Monkeys (a.k.a. 12 Monkeys) (1995)', '""Usual Suspects', '""King\'s Speech']"
494,"[""Ocean's Eleven (2001)"", 'Pulp Fiction (1994)', 'Catch Me If You Can (2002)', '""Dark Knight', '""Shawshank Redemption']"
495,"['Election (1999)', 'Waiting for Guffman (1996)', 'Legends of the Fall (1994)', 'To Kill a Mockingbird (1962)', '""Full Monty']"
496,"['American Beauty (1999)', '""Matrix', 'Monty Python and the Holy Grail (1975)', 'Pirates of the Caribbean: The Curse of the Black Pearl (2003)', 'Indiana Jones and the Last Crusade (1989)']"
497,"['Forrest Gump (1994)', 'Braveheart (1995)', '""Fugitive', ""Schindler's List (1993)"", 'Speed (1994)']"
498,"['Star Wars: Episode VI - Return of the Jedi (1983)', 'Star Wars: Episode IV - A New Hope (1977)', '""Godfather', 'Full Metal Jacket (1987)', '""Matrix']"
499,"['""Silence of the Lambs', '""Shawshank Redemption', 'Monty Python and the Holy Grail (1975)', '""Shining', 'Snatch (2000)']"
500,"['""Silence of the Lambs', 'Pulp Fiction (1994)', '""Shawshank Redemption', 'Fight Club (1999)', 'Seven (a.k.a. Se7en) (1995)']"
501,"['Pulp Fiction (1994)', '""Shawshank Redemption', '""Amelie (Fabuleux destin d\'AmÃ©lie Poulain', '""Godfather', 'Forrest Gump (1994)']"
502,"['Dances with Wolves (1990)', 'Pulp Fiction (1994)', 'Forrest Gump (1994)', 'Back to the Future (1985)', 'Star Wars: Episode IV - A New Hope (1977)']"
503,"['Ace Ventura: Pet Detective (1994)', 'Braveheart (1995)', 'Apollo 13 (1995)', 'Outbreak (1995)', 'Interview with the Vampire: The Vampire Chronicles (1994)']"
504,"['""Shawshank Redemption', 'Star Wars: Episode VI - Return of the Jedi (1983)', '""Silence of the Lambs', 'Star Wars: Episode IV - A New Hope (1977)', 'Raiders of the Lost Ark (Indiana Jones and the Raiders of the Lost Ark) (1981)']"
505,"['Pulp Fiction (1994)', '""Madness of King George', '""Shawshank Redemption', 'Dolores Claiborne (1995)', '""Dark Knight']"
506,"['""Shawshank Redemption', 'Inglourious Basterds (2009)', 'Ex Machina (2015)', '""Matrix', 'Django Unchained (2012)']"
507,"['Saving Private Ryan (1998)', '""Matrix', '""Lord of the Rings: The Fellowship of the Ring', 'Aladdin (1992)', 'Star Wars: Episode VI - Return of the Jedi (1983)']"
508,"['""Shawshank Redemption', '""Godfather', 'Pulp Fiction (1994)', 'Apollo 13 (1995)', 'Monty Python and the Holy Grail (1975)']"
509,"['""Producers', '""Thin Red Line', 'Entrapment (1999)', 'Arachnophobia (1990)', 'Disclosure (1994)']"
510,"['""Matrix', '""Shawshank Redemption', '""Green Mile', 'Men in Black (a.k.a. MIB) (1997)', '""Monsters']"
511,"['Terminator 2: Judgment Day (1991)', '""Silence of the Lambs', 'True Lies (1994)', '""Fugitive', 'Jurassic Park (1993)']"
512,"['Shrek (2001)', '""Lord of the Rings: The Two Towers', '""Matrix', 'Star Wars: Episode IV - A New Hope (1977)', '""Sting']"
513,"['Terminator 2: Judgment Day (1991)', '""Matrix', 'Batman (1989)', 'Pocahontas (1995)', 'Saving Private Ryan (1998)']"
514,"['Life Is Beautiful (La Vita Ã¨ bella) (1997)', '""13th Warrior', '""City of Lost Children', 'Mystery Men (1999)', 'Tank Girl (1995)']"
515,"['Taxi Driver (1976)', 'True Lies (1994)', 'Toy Story (1995)', 'Pulp Fiction (1994)', 'Braveheart (1995)']"
516,"['Top Gun (1986)', 'Pulp Fiction (1994)', '""Matrix', 'Finding Nemo (2003)', 'Fargo (1996)']"
517,"[""Mr. Holland's Opus (1995)"", '""Cry', ""Muriel's Wedding (1994)"", 'Dances with Wolves (1990)', '""Net']"
518,"['""Big Lebowski', 'Kill Bill: Vol. 1 (2003)', '""Dark Knight', 'Watchmen (2009)', 'Django Unchained (2012)']"
519,"['Star Wars: Episode IV - A New Hope (1977)', 'Back to the Future (1985)', 'Braveheart (1995)', '""Princess Bride', 'Star Wars: Episode VI - Return of the Jedi (1983)']"
520,"[""Schindler's List (1993)"", 'Fargo (1996)', 'Dances with Wolves (1990)', '""Indian in the Cupboard', '""Usual Suspects']"
521,"['Terminator 2: Judgment Day (1991)', 'Four Weddings and a Funeral (1994)', 'Star Wars: Episode IV - A New Hope (1977)', '""Silence of the Lambs', 'Don Juan DeMarco (1995)']"
522,"['Titanic (1997)', 'First Knight (1995)', '""Notebook', 'Little Women (1994)', 'While You Were Sleeping (1995)']"
523,"['""Sweet Hereafter', '""Sixth Sense', 'Star Wars: Episode VI - Return of the Jedi (1983)', '""Crouching Tiger', 'Chicken Run (2000)']"
524,"['Forrest Gump (1994)', '""Matrix', '""Dark Knight', 'Kill Bill: Vol. 1 (2003)', '""Wolf of Wall Street']"
525,"['Entrapment (1999)', '""10', 'Payback (1999)', 'Children of the Corn IV: The Gathering (1996)', '""Long Kiss Goodnight']"
526,"['""Matrix', '""Dark Knight', 'Forrest Gump (1994)', '""Lord of the Rings: The Two Towers', 'Inception (2010)']"
527,"['""Shawshank Redemption', 'Little Women (1994)', 'Casino (1995)', 'Fargo (1996)', 'Titanic (1997)']"
528,"['""Shawshank Redemption', '""Princess Bride', 'Raiders of the Lost Ark (Indiana Jones and the Raiders of the Lost Ark) (1981)', 'Star Wars: Episode V - The Empire Strikes Back (1980)', 'Dune (1984)']"
529,"['""Shawshank Redemption', '""Beautiful Mind', 'American Psycho (2000)', '""Silence of the Lambs', '""Usual Suspects']"
530,"['Die Hard (1988)', '""Shining', 'Blade Runner (1982)', '2001: A Space Odyssey (1968)', 'Pulp Fiction (1994)']"
531,"['""Dark Knight', '""Clockwork Orange', 'Saving Private Ryan (1998)', 'American Beauty (1999)', 'Gladiator (2000)']"
532,"['Forrest Gump (1994)', 'Inception (2010)', 'Interstellar (2014)', 'Wag the Dog (1997)', 'The Jinx: The Life and Deaths of Robert Durst (2015)']"
533,"['Saving Private Ryan (1998)', 'Terminator 2: Judgment Day (1991)', 'Scream (1996)', 'Jurassic Park (1993)', '""Silence of the Lambs']"
534,"['Harold and Maude (1971)', 'Doctor Zhivago (1965)', ""Cookie's Fortune (1999)"", ""One Flew Over the Cuckoo's Nest (1975)"", 'Election (1999)']"
535,"[""Schindler's List (1993)"", 'Fight Club (1999)', 'Saving Private Ryan (1998)', '""Silence of the Lambs', '""Godfather']"
536,"['""Terminator', '""Matrix', 'Star Wars: Episode VI - Return of the Jedi (1983)', '""Amelie (Fabuleux destin d\'AmÃ©lie Poulain', 'Star Wars: Episode IV - A New Hope (1977)']"
537,"['Forrest Gump (1994)', 'Jurassic Park (1993)', 'Beauty and the Beast (1991)', 'Braveheart (1995)', 'True Lies (1994)']"
538,"['Star Wars: Episode IV - A New Hope (1977)', 'Star Wars: Episode V - The Empire Strikes Back (1980)', 'Star Wars: Episode VI - Return of the Jedi (1983)', 'Saving Private Ryan (1998)', '""Matrix']"
539,"['Toy Story (1995)', 'Babe (1995)', 'Aladdin (1992)', '""Lion King', 'Beauty and the Beast (1991)']"
540,"['""Piano', 'Forrest Gump (1994)', '""Silence of the Lambs', 'Leaving Las Vegas (1995)', 'Twelve Monkeys (a.k.a. 12 Monkeys) (1995)']"
541,"['""Matrix', '""Dark Knight', 'Gladiator (2000)', 'Alien (1979)', 'The Martian (2015)']"
542,"['Apollo 13 (1995)', 'True Lies (1994)', 'Ace Ventura: Pet Detective (1994)', 'Dumb & Dumber (Dumb and Dumber) (1994)', 'Crimson Tide (1995)']"
543,"['""Shawshank Redemption', '""Usual Suspects', 'Sense and Sensibility (1995)', 'Addams Family Values (1993)', ""Schindler's List (1993)""]"
544,"[""Schindler's List (1993)"", '""Silence of the Lambs', 'Pulp Fiction (1994)', 'Forrest Gump (1994)', 'Terminator 2: Judgment Day (1991)']"
545,"['Fight Club (1999)', 'Forrest Gump (1994)', 'Gladiator (2000)', 'Finding Nemo (2003)', '""Beautiful Mind']"
546,"['""Lion King', 'Rob Roy (1995)', '""Client', ""Carlito's Way (1993)"", ""Antonia's Line (Antonia) (1995)""]"
547,"['Star Wars: Episode IV - A New Hope (1977)', 'Ghostbusters (a.k.a. Ghost Busters) (1984)', 'Men in Black (a.k.a. MIB) (1997)', '""Wizard of Oz', '""Sixth Sense']"
548,"['""Shawshank Redemption', '""Usual Suspects', 'American Beauty (1999)', 'Pulp Fiction (1994)', 'Toy Story (1995)']"
549,"['Aladdin (1992)', 'Beauty and the Beast (1991)', '""Lion King', '""Fugitive', 'Batman (1989)']"
550,"['""Fugitive', 'Braveheart (1995)', 'Terminator 2: Judgment Day (1991)', 'Interview with the Vampire: The Vampire Chronicles (1994)', 'Babe (1995)']"
551,"['Toy Story (1995)', '""Godfather', 'Fargo (1996)', 'Twelve Monkeys (a.k.a. 12 Monkeys) (1995)', 'Phenomenon (1996)']"
552,"['WALLÂ·E (2008)', 'Harry Potter and the Half-Blood Prince (2009)', 'Harry Potter and the Prisoner of Azkaban (2004)', 'Harry Potter and the Deathly Hallows: Part 1 (2010)', 'Harry Potter and the Goblet of Fire (2005)']"
553,"['Star Wars: Episode IV - A New Hope (1977)', 'Dead Man Walking (1995)', 'Independence Day (a.k.a. ID4) (1996)', 'Leaving Las Vegas (1995)', '""Silence of the Lambs']"
554,"['""Producers', 'Lost in Translation (2003)', 'Dancer in the Dark (2000)', 'Adaptation (2002)', '""Shawshank Redemption']"
555,"['Toy Story 3 (2010)', 'WALLÂ·E (2008)', 'Finding Nemo (2003)', '""Incredibles', 'Inception (2010)']"
556,"['""Matrix', 'Fight Club (1999)', '""Shawshank Redemption', '""Christmas Story', '""Princess Bride']"
557,"['""Godfather', 'Toy Story (1995)', '""Rock', '""Time to Kill', '""Birdcage']"
558,"['""Shawshank Redemption', '""Birdcage', ""Schindler's List (1993)"", 'Much Ado About Nothing (1993)', 'Sleepless in Seattle (1993)']"
559,"['""Dark Knight', 'Good Will Hunting (1997)', 'Inception (2010)', 'Kill Bill: Vol. 1 (2003)', '(500) Days of Summer (2009)']"
560,"['Wag the Dog (1997)', 'Willy Wonka & the Chocolate Factory (1971)', ""Mr. Holland's Opus (1995)"", 'Twister (1996)', 'James and the Giant Peach (1996)']"
561,"['""French Connection', '""Thin Blue Line', 'Rain Man (1988)', ""One Flew Over the Cuckoo's Nest (1975)"", 'Kingpin (1996)']"
562,"['Contact (1997)', 'To Kill a Mockingbird (1962)', '""Full Monty', '""Mrs. Brown (a.k.a. Her Majesty', '""Seventh Seal']"
563,"['""Matrix', 'Raiders of the Lost Ark (Indiana Jones and the Raiders of the Lost Ark) (1981)', 'Jurassic Park (1993)', 'Indiana Jones and the Last Crusade (1989)', 'Speed (1994)']"
564,"['""Usual Suspects', 'Aladdin (1992)', 'Toy Story (1995)', '""Silence of the Lambs', '""Amelie (Fabuleux destin d\'AmÃ©lie Poulain']"
565,"['""Lord of the Rings: The Two Towers', '""Beautiful Mind', '""Lion King', '""Lord of the Rings: The Fellowship of the Ring', '""Jungle Book']"
566,"['Aliens (1986)', '""King\'s Speech', '""Girl', 'Alien (1979)', 'Animal House (1978)']"
567,"['""Silence of the Lambs', 'Rumble in the Bronx (Hont faan kui) (1995)', 'Nixon (1995)', 'Cliffhanger (1993)', 'Die Hard: With a Vengeance (1995)']"
568,"['Star Wars: Episode IV - A New Hope (1977)', '""Amelie (Fabuleux destin d\'AmÃ©lie Poulain', ""Schindler's List (1993)"", 'Raiders of the Lost Ark (Indiana Jones and the Raiders of the Lost Ark) (1981)', 'Star Wars: Episode V - The Empire Strikes Back (1980)']"
569,"['""Green Mile', 'Back to the Future (1985)', 'Star Wars: Episode I - The Phantom Menace (1999)', 'Limitless (2011)', 'Up (2009)']"
570,"['""Thin Red Line', '""Godfather: Part II', 'Unforgiven (1992)', 'Superman II (1980)', 'Pulp Fiction (1994)']"
571,"['Twelve Monkeys (a.k.a. 12 Monkeys) (1995)', '""Silence of the Lambs', 'Memento (2000)', 'Fight Club (1999)', 'Pulp Fiction (1994)']"
572,"['""Matrix', 'Contact (1997)', 'X2: X-Men United (2003)', 'Minority Report (2002)', '""Rocky Horror Picture Show']"
573,"['Circle of Friends (1995)', 'Kung Fu Panda (2008)', '""20', 'Drunken Master (Jui kuen) (1978)', '""Philadelphia Story']"
574,"['Star Wars: Episode IV - A New Hope (1977)', '""Godfather', '2001: A Space Odyssey (1968)', ""One Flew Over the Cuckoo's Nest (1975)"", '""Naked Gun: From the Files of Police Squad!']"
575,"['Forrest Gump (1994)', '""Shawshank Redemption', 'Men in Black (a.k.a. MIB) (1997)', 'Spider-Man 2 (2004)', 'Saving Private Ryan (1998)']"
576,"['Star Wars: Episode V - The Empire Strikes Back (1980)', 'Jaws (1975)', 'Star Wars: Episode IV - A New Hope (1977)', 'Aliens (1986)', '""Princess Bride']"
577,"['""Player', 'Finding Nemo (2003)', '""Matrix', 'Eternal Sunshine of the Spotless Mind (2004)', 'Mystery Men (1999)']"
578,"['""Godfather', ""Schindler's List (1993)"", '""Matrix', 'Star Wars: Episode IV - A New Hope (1977)', '""Shawshank Redemption']"
579,"['Apollo 13 (1995)', '""Usual Suspects', 'American Beauty (1999)', 'Inglourious Basterds (2009)', ""One Flew Over the Cuckoo's Nest (1975)""]"
580,"['West Side Story (1961)', 'Cool Hand Luke (1967)', '""Nutty Professor', '""First Wives Club', 'Sherlock Holmes (2009)']"
581,"['Terminator 2: Judgment Day (1991)', '""Fugitive', 'True Lies (1994)', 'Pulp Fiction (1994)', 'Batman (1989)']"
582,"['E.T. the Extra-Terrestrial (1982)', 'Forrest Gump (1994)', '""Dark Crystal', 'Blade (1998)', ""Schindler's List (1993)""]"
583,"['Alien (1979)', '""Bourne Identity', 'Terminator 2: Judgment Day (1991)', '""Lord of the Rings: The Fellowship of the Ring', '""Sting']"
584,"['""Godfather', '""Matrix', ""One Flew Over the Cuckoo's Nest (1975)"", ""Ocean's Eleven (2001)"", '""Shawshank Redemption']"
585,"['Star Wars: Episode IV - A New Hope (1977)', 'Braveheart (1995)', 'Monty Python and the Holy Grail (1975)', 'Shrek (2001)', 'Legally Blonde (2001)']"
586,"['Shine (1996)', '""Seventh Seal', 'This Is Spinal Tap (1984)', 'Chinatown (1974)', '""Crouching Tiger']"
587,"['Star Wars: Episode V - The Empire Strikes Back (1980)', '""Dark Knight', 'Aliens (1986)', 'Terminator 2: Judgment Day (1991)', '""Rock']"
588,"['Star Wars: Episode IV - A New Hope (1977)', 'Aliens (1986)', 'Star Wars: Episode V - The Empire Strikes Back (1980)', 'Gladiator (2000)', '""Matrix']"
589,"['Happy Gilmore (1996)', 'Dr. Strangelove or: How I Learned to Stop Worrying and Love the Bomb (1964)', 'Ghostbusters (a.k.a. Ghost Busters) (1984)', 'Ratatouille (2007)', 'Focus (2015)']"
590,"['Shrek the Third (2007)', ""Madagascar 3: Europe's Most Wanted (2012)"", 'Madagascar: Escape 2 Africa (2008)', 'Despicable Me 2 (2013)', 'Shrek Forever After (a.k.a. Shrek: The Final Chapter) (2010)']"
591,"['""Silence of the Lambs', 'Fargo (1996)', 'Pulp Fiction (1994)', '""Shawshank Redemption', '""Princess Bride']"
592,"[""Schindler's List (1993)"", ""One Flew Over the Cuckoo's Nest (1975)"", 'Good Will Hunting (1997)', 'American Beauty (1999)', 'This Is Spinal Tap (1984)']"
593,"['Toy Story (1995)', '""Long Kiss Goodnight', 'Ice Age (2002)', 'Twelve Monkeys (a.k.a. 12 Monkeys) (1995)', 'Grumpier Old Men (1995)']"
594,"[""Schindler's List (1993)"", '""Shawshank Redemption', '""Dark Knight', 'Fight Club (1999)', '12 Angry Men (1957)']"
595,"['Gladiator (2000)', '""Shawshank Redemption', 'Raiders of the Lost Ark (Indiana Jones and the Raiders of the Lost Ark) (1981)', 'Forrest Gump (1994)', 'Pulp Fiction (1994)']"
596,"['""Net', 'GoldenEye (1995)', 'Jurassic Park (1993)', 'Dances with Wolves (1990)', ""Mr. Holland's Opus (1995)""]"
597,"['Toy Story 3 (2010)', 'Finding Nemo (2003)', 'Peter Pan (1953)', 'Fight Club (1999)', 'Tank Girl (1995)']"
598,"['Pulp Fiction (1994)', '""Shawshank Redemption', ""One Flew Over the Cuckoo's Nest (1975)"", 'Star Wars: Episode VI - Return of the Jedi (1983)', 'Star Wars: Episode V - The Empire Strikes Back (1980)']"
599,"['Troy (2004)', ""Bridget Jones's Diary (2001)"", 'Remember the Titans (2000)', 'Night at the Museum (2006)', '28 Days (2000)']"
600,"['""Manchurian Candidate', 'Entrapment (1999)', 'Deep Impact (1998)', ""Dante's Peak (1997)"", 'Notting Hill (1999)']"
601,"['Ace Ventura: Pet Detective (1994)', 'Interview with the Vampire: The Vampire Chronicles (1994)', '""Fugitive', 'Pulp Fiction (1994)', 'Dumb & Dumber (Dumb and Dumber) (1994)']"
602,"['""Pursuit of Happyness', '""Lord of the Rings: The Two Towers', '""Dark Knight', 'Spectre (2015)', 'Gladiator (2000)']"
603,"['Inception (2010)', 'Madagascar: Escape 2 Africa (2008)', 'Zombieland (2009)', 'Shrek 2 (2004)', 'Shrek (2001)']"
604,"['Finding Nemo (2003)', 'Eternal Sunshine of the Spotless Mind (2004)', 'Waking Ned Devine (a.k.a. Waking Ned) (1998)', '""Dark Knight', '""Shawshank Redemption']"
605,"['American History X (1998)', '""Shawshank Redemption', 'City of God (Cidade de Deus) (2002)', '""Usual Suspects', 'Rear Window (1954)']"
606,"['Twister (1996)', ""Mr. Holland's Opus (1995)"", 'Phenomenon (1996)', 'Die Hard: With a Vengeance (1995)', '""Nutty Professor']"
607,"['""Legend of Drunken Master', '""Amelie (Fabuleux destin d\'AmÃ©lie Poulain', 'NausicaÃ¤ of the Valley of the Wind (Kaze no tani no Naushika) (1984)', '""Princess Bride', 'Time Bandits (1981)']"
608,"['Avatar (2009)', 'Harry Potter and the Order of the Phoenix (2007)', 'Harry Potter and the Goblet of Fire (2005)', '""Producers', 'Ice Princess (2005)']"
609,"['""Matrix', '""Lord of the Rings: The Two Towers', '""Dark Knight', ""Schindler's List (1993)"", 'Back to the Future (1985)']"
610,"['Dead Poets Society (1989)', '""Sound of Music', 'Apollo 13 (1995)', '""Adventures of Priscilla', 'Jane Eyre (1944)']"
